Handle,Title,Body (HTML),Vendor,Product Category,Type,Tags,Published,Option1 Name,Option1 Value,Option1 Linked To,Option2 Name,Option2 Value,Option2 Linked To,Option3 Name,Option3 Value,Option3 Linked To,Variant SKU,Variant Grams,Variant Inventory Tracker,Variant Inventory Qty,Variant Inventory Policy,Variant Fulfillment Service,Variant Price,Variant Compare At Price,Variant Requires Shipping,Variant Taxable,Unit Price Total Measure,Unit Price Total Measure Unit,Unit Price Base Measure,Unit Price Base Measure Unit,Variant Barcodes,Image Src,Image Position,Image Alt Text,Gift Card,SEO Title,SEO Description,Google Shopping / Google Product Category,Google Shopping / Gender,Google Shopping / Age Group,Google Shopping / MPN,Google Shopping / Condition,Google Shopping / Custom Product,Google Shopping / Custom Label 0,Google Shopping / Custom Label 1,Google Shopping / Custom Label 2,Google Shopping / Custom Label 3,Google Shopping / Custom Label 4,Ash Usage (product.metafields.custom.ash_usage),box_metrics (product.metafields.custom.box_metric),Burning Time (product.metafields.custom.burning_time),Combo Includes (product.metafields.custom.combo_includes),custom.panel_subtitle (product.metafields.custom.custom_panel_subtitle),custom.pricing_note (product.metafields.custom.custom_pricing_note),custom.pricing_rows (product.metafields.custom.custom_pricing_rows),Custom SH (product.metafields.custom.custom_sh),Custom shipping label (product.metafields.custom.custom_shipping_label),Delivery Region (product.metafields.custom.delivery_region),FSSAI License (product.metafields.custom.fssai_license),Harvest Window (product.metafields.custom.harvest_window),How to Use (product.metafields.custom.how_to_use),Ingredients (product.metafields.custom.ingredients),KEY HIGHLIGHTS (product.metafields.custom.key_highlights),Net Quantity (product.metafields.custom.net_quantity),Nutritional Focus (product.metafields.custom.nutritional_focus),panel_subtitle (product.metafields.custom.panel_subtitle),panel_tagline (product.metafields.custom.panel_tagline),panel_title (product.metafields.custom.panel_title),pill_tags (product.metafields.custom.pill_tags),Premium Quality (product.metafields.custom.premium_quality),pricing_heading (product.metafields.custom.pricing_heading),pricing_note (product.metafields.custom.pricing_note),pricing_rows (product.metafields.custom.pricing_rows),Product Details (product.metafields.custom.product_details),Product layout (product.metafields.custom.product_layout),Safety Info (product.metafields.custom.safety_info),Shelf Life (product.metafields.custom.shelf_life),Storage (product.metafields.custom.storage),EComposer product countdown end at (product.metafields.ecomposer.countdown),EComposer product countdown start at (product.metafields.ecomposer.countdown_from),Google: Custom Product (product.metafields.mm-google-shopping.custom_product),Product rating count (product.metafields.reviews.rating_count),Color (product.metafields.shopify.color-pattern),Cooking method (product.metafields.shopify.cooking-method),Dietary preferences (product.metafields.shopify.dietary-preferences),Food product form (product.metafields.shopify.food-product-form),Incense type (product.metafields.shopify.incense-type),Material (product.metafields.shopify.material),Usage type (product.metafields.shopify.usage-type),Complementary products (product.metafields.shopify--discovery--product_recommendation.complementary_products),Related products (product.metafields.shopify--discovery--product_recommendation.related_products),Related products settings (product.metafields.shopify--discovery--product_recommendation.related_products_display),Search product boosts (product.metafields.shopify--discovery--product_search_boost.queries),Variant Image,Variant Weight Unit,Variant Tax Code,Cost per item,Status
aurora-dasangam-incense-cups-pack-of-6,Aurora Dasangam Incense Cups — Pack of 6,"<p>Bring the temple home this festive season. Dasangam is one of South India's oldest ritual blends, and every Aurora Dasangam cup is handcrafted from cow dung and infused with natural extracts and aromatic herbs. Light one at dawn or during the evening aarti and let its rich, grounding aroma settle over your pooja room. Six boxes and 90 cups carry you through Navaratri, Golu evenings and Deepavali, with boxes to spare for the homes you visit.</p>
<h3>What’s included</h3>
<ul><li>Dasangam Incense Cups × 6 boxes: 15 handcrafted cups in every box, 90 cups in all. A traditional blend of ten botanicals with a rich, balsamic, temple-like aroma that boosts positivity and evokes divine harmony.</li><li>Lighting guide: A simple three-step guide inside every box for a clean, even burn.</li></ul>
<h3>Key features &amp; benefits</h3>
<ul><li>Cow dung base, nothing synthetic: Handcrafted with natural extracts and aromatic herbs. No charcoal and no synthetic aroma.</li><li>Enough for the whole season: 90 cups means a cup every morning and evening through the festive weeks.</li><li>Six gifts in one order: Each kraft and gold-foil box is a complete gift on its own, perfect for thamboolam and festive visits.</li><li>Better value per box: At the festive price, each box works out to just ₹228.</li></ul>
<h3>How to use</h3>
<ol><li>Hold the cup by its base and light the top rim on all sides for about 20 seconds.</li><li>Keep the flame on for another 20 seconds so the cup catches evenly.</li><li>Gently blow out the flame and look for a steady amber glow, then set the cup on a heat-resistant holder or stand.</li><li>Always burn on a flat, heat-resistant surface, away from drafts, curtains, children and pets. Never leave a burning cup unattended.</li></ol>
<p><em>Six boxes of Dasangam for a season of prayer, light and togetherness.</em></p>",Stomatal Farms,Uncategorized,Incense Cups,"Aurora, Festive Pack, Navaratri, Deepavali, Dasangam, Incense Cups, Pack of 6, Gift, Cow Dung, Charcoal Free",true,Title,Default Title,,,,,,,,AUR-DAS-CU-P6,0.0,,-1,continue,manual,1368.00,1710.00,true,true,,,,,,https://raw.githubusercontent.com/rizo8107/stomatalfarms/new/product-images/festive-packs/aurora-dasangam-incense-cups-pack-of-6.jpg,1,Aurora Dasangam Incense Cups — Pack of 6,false,Aurora Dasangam Incense Cups — Pack of 6 | Festive Pack of 6,"90 handcrafted cups across 6 boxes. Cow dung based, charcoal-free, nothing synthetic. Festive price ₹1,368 (20% off ₹1,710).",,,,,,,,,,,,,"90|handcrafted cups (6 boxes)
₹1,710|total value
₹342|you save · 20% off
₹1,368|festive price",,"Dasangam Incense Cups × 6 boxes: 15 handcrafted cups in every box, 90 cups in all. A traditional blend of ten botanicals with a rich, balsamic, temple-like aroma that boosts positivity and evokes divine harmony.
Lighting guide: A simple three-step guide inside every box for a clean, even burn.",Festive Pack • 6 boxes • 15 cups per box,MRP inclusive of all taxes,"Dasangam Incense Cups (15 cups) × 6 @ ₹285|₹1,710
Total MRP|₹1,710|total
Festive Discount (20% OFF)|− ₹342
Festive Selling Price (effective ₹228 per box)|₹1,368|offer",,Free shipping,,,,"Hold the cup by its base and light the top rim on all sides for about 20 seconds.
Keep the flame on for another 20 seconds so the cup catches evenly.
Gently blow out the flame and look for a steady amber glow, then set the cup on a heat-resistant holder or stand.
Always burn on a flat, heat-resistant surface, away from drafts, curtains, children and pets. Never leave a burning cup unattended.",,"Cow dung base, nothing synthetic: Handcrafted with natural extracts and aromatic herbs. No charcoal and no synthetic aroma.
Enough for the whole season: 90 cups means a cup every morning and evening through the festive weeks.
Six gifts in one order: Each kraft and gold-foil box is a complete gift on its own, perfect for thamboolam and festive visits.
Better value per box: At the festive price, each box works out to just ₹228.",,,Festive Pack • 6 boxes • 15 cups per box,"Six boxes of Dasangam for a season of prayer, light and togetherness.",Aurora Dasangam Incense Cups — Pack of 6,"Cow dung based, Charcoal-free, Nothing synthetic, Gift-ready",,Festive Offer — Navaratri & Deepavali · Special Selling Price: 20% OFF the total MRP,MRP inclusive of all taxes,"Dasangam Incense Cups (15 cups) × 6 @ ₹285|₹1,710
Total MRP|₹1,710|total
Festive Discount (20% OFF)|− ₹342
Festive Selling Price (effective ₹228 per box)|₹1,368|offer","Bring the temple home this festive season. Dasangam is one of South India's oldest ritual blends, and every Aurora Dasangam cup is handcrafted from cow dung and infused with natural extracts and aromatic herbs. Light one at dawn or during the evening aarti and let its rich, grounding aroma settle over your pooja room. Six boxes and 90 cups carry you through Navaratri, Golu evenings and Deepavali, with boxes to spare for the homes you visit.",arka,,,,,,,,,,,,Cups,,,,,,,,kg,,,active
aurora-dasangam-incense-cups-pack-of-12,Aurora Dasangam Incense Cups — Pack of 12,"<p>Bring the temple home this festive season. Dasangam is one of South India's oldest ritual blends, and every Aurora Dasangam cup is handcrafted from cow dung and infused with natural extracts and aromatic herbs. Light one at dawn or during the evening aarti and let its rich, grounding aroma settle over your pooja room. Twelve boxes and 180 cups keep your pooja room stocked for the whole festive season, with plenty left to gift. Keep a few for yourself and add one to every thamboolam.</p>
<h3>What’s included</h3>
<ul><li>Dasangam Incense Cups × 12 boxes: 15 handcrafted cups in every box, 180 cups in all. A traditional blend of ten botanicals with a rich, balsamic, temple-like aroma that boosts positivity and evokes divine harmony.</li><li>Lighting guide: A simple three-step guide inside every box for a clean, even burn.</li></ul>
<h3>Key features &amp; benefits</h3>
<ul><li>Cow dung base, nothing synthetic: Handcrafted with natural extracts and aromatic herbs. No charcoal and no synthetic aroma.</li><li>Enough for the whole season: 180 cups means a cup every morning and evening through the festive weeks.</li><li>Twelve gifts in one order: Each kraft and gold-foil box is a complete gift on its own, perfect for thamboolam and festive visits.</li><li>Better value per box: At the festive price, each box works out to just ₹228.</li></ul>
<h3>How to use</h3>
<ol><li>Hold the cup by its base and light the top rim on all sides for about 20 seconds.</li><li>Keep the flame on for another 20 seconds so the cup catches evenly.</li><li>Gently blow out the flame and look for a steady amber glow, then set the cup on a heat-resistant holder or stand.</li><li>Always burn on a flat, heat-resistant surface, away from drafts, curtains, children and pets. Never leave a burning cup unattended.</li></ol>
<p><em>Twelve boxes of Dasangam for a season of prayer, light and togetherness.</em></p>",Stomatal Farms,Uncategorized,Incense Cups,"Aurora, Festive Pack, Navaratri, Deepavali, Dasangam, Incense Cups, Pack of 12, Gift, Cow Dung, Charcoal Free",true,Title,Default Title,,,,,,,,AUR-DAS-CU-P12,0.0,,-1,continue,manual,2736.00,3420.00,true,true,,,,,,https://raw.githubusercontent.com/rizo8107/stomatalfarms/new/product-images/festive-packs/aurora-dasangam-incense-cups-pack-of-12.jpg,1,Aurora Dasangam Incense Cups — Pack of 12,false,Aurora Dasangam Incense Cups — Pack of 12 | Festive Pack of 12,"180 handcrafted cups across 12 boxes. Cow dung based, charcoal-free, nothing synthetic. Festive price ₹2,736 (20% off ₹3,420).",,,,,,,,,,,,,"180|handcrafted cups (12 boxes)
₹3,420|total value
₹684|you save · 20% off
₹2,736|festive price",,"Dasangam Incense Cups × 12 boxes: 15 handcrafted cups in every box, 180 cups in all. A traditional blend of ten botanicals with a rich, balsamic, temple-like aroma that boosts positivity and evokes divine harmony.
Lighting guide: A simple three-step guide inside every box for a clean, even burn.",Festive Pack • 12 boxes • 15 cups per box,MRP inclusive of all taxes,"Dasangam Incense Cups (15 cups) × 12 @ ₹285|₹3,420
Total MRP|₹3,420|total
Festive Discount (20% OFF)|− ₹684
Festive Selling Price (effective ₹228 per box)|₹2,736|offer",,Free shipping,,,,"Hold the cup by its base and light the top rim on all sides for about 20 seconds.
Keep the flame on for another 20 seconds so the cup catches evenly.
Gently blow out the flame and look for a steady amber glow, then set the cup on a heat-resistant holder or stand.
Always burn on a flat, heat-resistant surface, away from drafts, curtains, children and pets. Never leave a burning cup unattended.",,"Cow dung base, nothing synthetic: Handcrafted with natural extracts and aromatic herbs. No charcoal and no synthetic aroma.
Enough for the whole season: 180 cups means a cup every morning and evening through the festive weeks.
Twelve gifts in one order: Each kraft and gold-foil box is a complete gift on its own, perfect for thamboolam and festive visits.
Better value per box: At the festive price, each box works out to just ₹228.",,,Festive Pack • 12 boxes • 15 cups per box,"Twelve boxes of Dasangam for a season of prayer, light and togetherness.",Aurora Dasangam Incense Cups — Pack of 12,"Cow dung based, Charcoal-free, Nothing synthetic, Gift-ready",,Festive Offer — Navaratri & Deepavali · Special Selling Price: 20% OFF the total MRP,MRP inclusive of all taxes,"Dasangam Incense Cups (15 cups) × 12 @ ₹285|₹3,420
Total MRP|₹3,420|total
Festive Discount (20% OFF)|− ₹684
Festive Selling Price (effective ₹228 per box)|₹2,736|offer","Bring the temple home this festive season. Dasangam is one of South India's oldest ritual blends, and every Aurora Dasangam cup is handcrafted from cow dung and infused with natural extracts and aromatic herbs. Light one at dawn or during the evening aarti and let its rich, grounding aroma settle over your pooja room. Twelve boxes and 180 cups keep your pooja room stocked for the whole festive season, with plenty left to gift. Keep a few for yourself and add one to every thamboolam.",arka,,,,,,,,,,,,Cups,,,,,,,,kg,,,active
aurora-floral-incense-cups-pack-of-6,Aurora Floral Incense Cups — Pack of 6,"<p>Welcome every guest with the aroma of fresh temple flowers. Aurora Floral Incense Cups are handcrafted from cow dung and infused with natural floral extracts and aromatic herbs, releasing a soft, sweet aroma that calms the mind and fills the home with devotion. Light one as the lamps come on for Golu evenings, or before your evening prayers. Six boxes and 90 cups carry you through Navaratri, Golu evenings and Deepavali, with boxes to spare for the homes you visit.</p>
<h3>What’s included</h3>
<ul><li>Floral Incense Cups × 6 boxes: 15 handcrafted cups in every box, 90 cups in all. A gentle, sweet floral aroma that evokes love, compassion and devotion.</li><li>Lighting guide: A simple three-step guide inside every box for a clean, even burn.</li></ul>
<h3>Key features &amp; benefits</h3>
<ul><li>Cow dung base, nothing synthetic: Handcrafted with natural floral extracts and aromatic herbs. No charcoal and no synthetic aroma.</li><li>Made for evenings and guests: A soft, welcoming aroma that suits Golu evenings, festive gatherings and quiet evening prayers.</li><li>Six gifts in one order: Each kraft and gold-foil box is a complete gift on its own, perfect for thamboolam and festive visits.</li><li>Better value per box: At the festive price, each box works out to just ₹216.</li></ul>
<h3>How to use</h3>
<ol><li>Hold the cup by its base and light the top rim on all sides for about 20 seconds.</li><li>Keep the flame on for another 20 seconds so the cup catches evenly.</li><li>Gently blow out the flame and look for a steady amber glow, then set the cup on a heat-resistant holder or stand.</li><li>Always burn on a flat, heat-resistant surface, away from drafts, curtains, children and pets. Never leave a burning cup unattended.</li></ol>
<p><em>Six boxes of Floral for evenings that feel like a temple garden.</em></p>",Stomatal Farms,Uncategorized,Incense Cups,"Aurora, Festive Pack, Navaratri, Deepavali, Floral, Incense Cups, Pack of 6, Gift, Cow Dung, Charcoal Free",true,Title,Default Title,,,,,,,,AUR-FLO-CU-P6,0.0,,-1,continue,manual,1296.00,1620.00,true,true,,,,,,https://raw.githubusercontent.com/rizo8107/stomatalfarms/new/product-images/festive-packs/aurora-floral-incense-cups-pack-of-6.jpg,1,Aurora Floral Incense Cups — Pack of 6,false,Aurora Floral Incense Cups — Pack of 6 | Festive Pack of 6,"90 handcrafted cups across 6 boxes. Cow dung based, charcoal-free, nothing synthetic. Festive price ₹1,296 (20% off ₹1,620).",,,,,,,,,,,,,"90|handcrafted cups (6 boxes)
₹1,620|total value
₹324|you save · 20% off
₹1,296|festive price",,"Floral Incense Cups × 6 boxes: 15 handcrafted cups in every box, 90 cups in all. A gentle, sweet floral aroma that evokes love, compassion and devotion.
Lighting guide: A simple three-step guide inside every box for a clean, even burn.",Festive Pack • 6 boxes • 15 cups per box,MRP inclusive of all taxes,"Floral Incense Cups (15 cups) × 6 @ ₹270|₹1,620
Total MRP|₹1,620|total
Festive Discount (20% OFF)|− ₹324
Festive Selling Price (effective ₹216 per box)|₹1,296|offer",,Free shipping,,,,"Hold the cup by its base and light the top rim on all sides for about 20 seconds.
Keep the flame on for another 20 seconds so the cup catches evenly.
Gently blow out the flame and look for a steady amber glow, then set the cup on a heat-resistant holder or stand.
Always burn on a flat, heat-resistant surface, away from drafts, curtains, children and pets. Never leave a burning cup unattended.",,"Cow dung base, nothing synthetic: Handcrafted with natural floral extracts and aromatic herbs. No charcoal and no synthetic aroma.
Made for evenings and guests: A soft, welcoming aroma that suits Golu evenings, festive gatherings and quiet evening prayers.
Six gifts in one order: Each kraft and gold-foil box is a complete gift on its own, perfect for thamboolam and festive visits.
Better value per box: At the festive price, each box works out to just ₹216.",,,Festive Pack • 6 boxes • 15 cups per box,Six boxes of Floral for evenings that feel like a temple garden.,Aurora Floral Incense Cups — Pack of 6,"Cow dung based, Charcoal-free, Nothing synthetic, Gift-ready",,Festive Offer — Navaratri & Deepavali · Special Selling Price: 20% OFF the total MRP,MRP inclusive of all taxes,"Floral Incense Cups (15 cups) × 6 @ ₹270|₹1,620
Total MRP|₹1,620|total
Festive Discount (20% OFF)|− ₹324
Festive Selling Price (effective ₹216 per box)|₹1,296|offer","Welcome every guest with the aroma of fresh temple flowers. Aurora Floral Incense Cups are handcrafted from cow dung and infused with natural floral extracts and aromatic herbs, releasing a soft, sweet aroma that calms the mind and fills the home with devotion. Light one as the lamps come on for Golu evenings, or before your evening prayers. Six boxes and 90 cups carry you through Navaratri, Golu evenings and Deepavali, with boxes to spare for the homes you visit.",arka,,,,,,,,,,,,Cups,,,,,,,,kg,,,active
aurora-floral-incense-cups-pack-of-12,Aurora Floral Incense Cups — Pack of 12,"<p>Welcome every guest with the aroma of fresh temple flowers. Aurora Floral Incense Cups are handcrafted from cow dung and infused with natural floral extracts and aromatic herbs, releasing a soft, sweet aroma that calms the mind and fills the home with devotion. Light one as the lamps come on for Golu evenings, or before your evening prayers. Twelve boxes and 180 cups keep your pooja room stocked for the whole festive season, with plenty left to gift. Keep a few for yourself and add one to every thamboolam.</p>
<h3>What’s included</h3>
<ul><li>Floral Incense Cups × 12 boxes: 15 handcrafted cups in every box, 180 cups in all. A gentle, sweet floral aroma that evokes love, compassion and devotion.</li><li>Lighting guide: A simple three-step guide inside every box for a clean, even burn.</li></ul>
<h3>Key features &amp; benefits</h3>
<ul><li>Cow dung base, nothing synthetic: Handcrafted with natural floral extracts and aromatic herbs. No charcoal and no synthetic aroma.</li><li>Made for evenings and guests: A soft, welcoming aroma that suits Golu evenings, festive gatherings and quiet evening prayers.</li><li>Twelve gifts in one order: Each kraft and gold-foil box is a complete gift on its own, perfect for thamboolam and festive visits.</li><li>Better value per box: At the festive price, each box works out to just ₹216.</li></ul>
<h3>How to use</h3>
<ol><li>Hold the cup by its base and light the top rim on all sides for about 20 seconds.</li><li>Keep the flame on for another 20 seconds so the cup catches evenly.</li><li>Gently blow out the flame and look for a steady amber glow, then set the cup on a heat-resistant holder or stand.</li><li>Always burn on a flat, heat-resistant surface, away from drafts, curtains, children and pets. Never leave a burning cup unattended.</li></ol>
<p><em>Twelve boxes of Floral for evenings that feel like a temple garden.</em></p>",Stomatal Farms,Uncategorized,Incense Cups,"Aurora, Festive Pack, Navaratri, Deepavali, Floral, Incense Cups, Pack of 12, Gift, Cow Dung, Charcoal Free",true,Title,Default Title,,,,,,,,AUR-FLO-CU-P12,0.0,,-1,continue,manual,2592.00,3240.00,true,true,,,,,,https://raw.githubusercontent.com/rizo8107/stomatalfarms/new/product-images/festive-packs/aurora-floral-incense-cups-pack-of-12.jpg,1,Aurora Floral Incense Cups — Pack of 12,false,Aurora Floral Incense Cups — Pack of 12 | Festive Pack of 12,"180 handcrafted cups across 12 boxes. Cow dung based, charcoal-free, nothing synthetic. Festive price ₹2,592 (20% off ₹3,240).",,,,,,,,,,,,,"180|handcrafted cups (12 boxes)
₹3,240|total value
₹648|you save · 20% off
₹2,592|festive price",,"Floral Incense Cups × 12 boxes: 15 handcrafted cups in every box, 180 cups in all. A gentle, sweet floral aroma that evokes love, compassion and devotion.
Lighting guide: A simple three-step guide inside every box for a clean, even burn.",Festive Pack • 12 boxes • 15 cups per box,MRP inclusive of all taxes,"Floral Incense Cups (15 cups) × 12 @ ₹270|₹3,240
Total MRP|₹3,240|total
Festive Discount (20% OFF)|− ₹648
Festive Selling Price (effective ₹216 per box)|₹2,592|offer",,Free shipping,,,,"Hold the cup by its base and light the top rim on all sides for about 20 seconds.
Keep the flame on for another 20 seconds so the cup catches evenly.
Gently blow out the flame and look for a steady amber glow, then set the cup on a heat-resistant holder or stand.
Always burn on a flat, heat-resistant surface, away from drafts, curtains, children and pets. Never leave a burning cup unattended.",,"Cow dung base, nothing synthetic: Handcrafted with natural floral extracts and aromatic herbs. No charcoal and no synthetic aroma.
Made for evenings and guests: A soft, welcoming aroma that suits Golu evenings, festive gatherings and quiet evening prayers.
Twelve gifts in one order: Each kraft and gold-foil box is a complete gift on its own, perfect for thamboolam and festive visits.
Better value per box: At the festive price, each box works out to just ₹216.",,,Festive Pack • 12 boxes • 15 cups per box,Twelve boxes of Floral for evenings that feel like a temple garden.,Aurora Floral Incense Cups — Pack of 12,"Cow dung based, Charcoal-free, Nothing synthetic, Gift-ready",,Festive Offer — Navaratri & Deepavali · Special Selling Price: 20% OFF the total MRP,MRP inclusive of all taxes,"Floral Incense Cups (15 cups) × 12 @ ₹270|₹3,240
Total MRP|₹3,240|total
Festive Discount (20% OFF)|− ₹648
Festive Selling Price (effective ₹216 per box)|₹2,592|offer","Welcome every guest with the aroma of fresh temple flowers. Aurora Floral Incense Cups are handcrafted from cow dung and infused with natural floral extracts and aromatic herbs, releasing a soft, sweet aroma that calms the mind and fills the home with devotion. Light one as the lamps come on for Golu evenings, or before your evening prayers. Twelve boxes and 180 cups keep your pooja room stocked for the whole festive season, with plenty left to gift. Keep a few for yourself and add one to every thamboolam.",arka,,,,,,,,,,,,Cups,,,,,,,,kg,,,active
aurora-lemongrass-incense-cups-pack-of-6,Aurora Lemongrass Incense Cups — Pack of 6,"<p>Start every festive morning fresh. Aurora Lemongrass Incense Cups are handcrafted from cow dung and infused with natural lemongrass extracts and aromatic herbs, releasing a crisp, refreshing and earthy aroma that brightens the whole home. Light one with your morning prayers, or before guests arrive to leave every room feeling clean and inviting. Six boxes and 90 cups carry you through Navaratri, Golu evenings and Deepavali, with boxes to spare for the homes you visit.</p>
<h3>What’s included</h3>
<ul><li>Lemongrass Incense Cups × 6 boxes: 15 handcrafted cups in every box, 90 cups in all. A crisp, refreshing and earthy aroma with bright, clean notes.</li><li>Lighting guide: A simple three-step guide inside every box for a clean, even burn.</li></ul>
<h3>Key features &amp; benefits</h3>
<ul><li>Cow dung base, nothing synthetic: Handcrafted with natural lemongrass extracts and aromatic herbs. No charcoal and no synthetic aroma.</li><li>A fresh start to every day: A bright, uplifting aroma for morning prayers and for freshening rooms before guests arrive.</li><li>Six gifts in one order: Each kraft and gold-foil box is a complete gift on its own, perfect for thamboolam and festive visits.</li><li>Better value per box: At the festive price, each box works out to just ₹216.</li></ul>
<h3>How to use</h3>
<ol><li>Hold the cup by its base and light the top rim on all sides for about 20 seconds.</li><li>Keep the flame on for another 20 seconds so the cup catches evenly.</li><li>Gently blow out the flame and look for a steady amber glow, then set the cup on a heat-resistant holder or stand.</li><li>Always burn on a flat, heat-resistant surface, away from drafts, curtains, children and pets. Never leave a burning cup unattended.</li></ol>
<p><em>Six boxes of Lemongrass for bright, fresh festive mornings.</em></p>",Stomatal Farms,Uncategorized,Incense Cups,"Aurora, Festive Pack, Navaratri, Deepavali, Lemongrass, Incense Cups, Pack of 6, Gift, Cow Dung, Charcoal Free",true,Title,Default Title,,,,,,,,AUR-LEM-CU-P6,0.0,,-1,continue,manual,1296.00,1620.00,true,true,,,,,,https://raw.githubusercontent.com/rizo8107/stomatalfarms/new/product-images/festive-packs/aurora-lemongrass-incense-cups-pack-of-6.jpg,1,Aurora Lemongrass Incense Cups — Pack of 6,false,Aurora Lemongrass Incense Cups — Pack of 6 | Festive Pack of 6,"90 handcrafted cups across 6 boxes. Cow dung based, charcoal-free, nothing synthetic. Festive price ₹1,296 (20% off ₹1,620).",,,,,,,,,,,,,"90|handcrafted cups (6 boxes)
₹1,620|total value
₹324|you save · 20% off
₹1,296|festive price",,"Lemongrass Incense Cups × 6 boxes: 15 handcrafted cups in every box, 90 cups in all. A crisp, refreshing and earthy aroma with bright, clean notes.
Lighting guide: A simple three-step guide inside every box for a clean, even burn.",Festive Pack • 6 boxes • 15 cups per box,MRP inclusive of all taxes,"Lemongrass Incense Cups (15 cups) × 6 @ ₹270|₹1,620
Total MRP|₹1,620|total
Festive Discount (20% OFF)|− ₹324
Festive Selling Price (effective ₹216 per box)|₹1,296|offer",,Free shipping,,,,"Hold the cup by its base and light the top rim on all sides for about 20 seconds.
Keep the flame on for another 20 seconds so the cup catches evenly.
Gently blow out the flame and look for a steady amber glow, then set the cup on a heat-resistant holder or stand.
Always burn on a flat, heat-resistant surface, away from drafts, curtains, children and pets. Never leave a burning cup unattended.",,"Cow dung base, nothing synthetic: Handcrafted with natural lemongrass extracts and aromatic herbs. No charcoal and no synthetic aroma.
A fresh start to every day: A bright, uplifting aroma for morning prayers and for freshening rooms before guests arrive.
Six gifts in one order: Each kraft and gold-foil box is a complete gift on its own, perfect for thamboolam and festive visits.
Better value per box: At the festive price, each box works out to just ₹216.",,,Festive Pack • 6 boxes • 15 cups per box,"Six boxes of Lemongrass for bright, fresh festive mornings.",Aurora Lemongrass Incense Cups — Pack of 6,"Cow dung based, Charcoal-free, Nothing synthetic, Gift-ready",,Festive Offer — Navaratri & Deepavali · Special Selling Price: 20% OFF the total MRP,MRP inclusive of all taxes,"Lemongrass Incense Cups (15 cups) × 6 @ ₹270|₹1,620
Total MRP|₹1,620|total
Festive Discount (20% OFF)|− ₹324
Festive Selling Price (effective ₹216 per box)|₹1,296|offer","Start every festive morning fresh. Aurora Lemongrass Incense Cups are handcrafted from cow dung and infused with natural lemongrass extracts and aromatic herbs, releasing a crisp, refreshing and earthy aroma that brightens the whole home. Light one with your morning prayers, or before guests arrive to leave every room feeling clean and inviting. Six boxes and 90 cups carry you through Navaratri, Golu evenings and Deepavali, with boxes to spare for the homes you visit.",arka,,,,,,,,,,,,Cups,,,,,,,,kg,,,active
aurora-lemongrass-incense-cups-pack-of-12,Aurora Lemongrass Incense Cups — Pack of 12,"<p>Start every festive morning fresh. Aurora Lemongrass Incense Cups are handcrafted from cow dung and infused with natural lemongrass extracts and aromatic herbs, releasing a crisp, refreshing and earthy aroma that brightens the whole home. Light one with your morning prayers, or before guests arrive to leave every room feeling clean and inviting. Twelve boxes and 180 cups keep your pooja room stocked for the whole festive season, with plenty left to gift. Keep a few for yourself and add one to every thamboolam.</p>
<h3>What’s included</h3>
<ul><li>Lemongrass Incense Cups × 12 boxes: 15 handcrafted cups in every box, 180 cups in all. A crisp, refreshing and earthy aroma with bright, clean notes.</li><li>Lighting guide: A simple three-step guide inside every box for a clean, even burn.</li></ul>
<h3>Key features &amp; benefits</h3>
<ul><li>Cow dung base, nothing synthetic: Handcrafted with natural lemongrass extracts and aromatic herbs. No charcoal and no synthetic aroma.</li><li>A fresh start to every day: A bright, uplifting aroma for morning prayers and for freshening rooms before guests arrive.</li><li>Twelve gifts in one order: Each kraft and gold-foil box is a complete gift on its own, perfect for thamboolam and festive visits.</li><li>Better value per box: At the festive price, each box works out to just ₹216.</li></ul>
<h3>How to use</h3>
<ol><li>Hold the cup by its base and light the top rim on all sides for about 20 seconds.</li><li>Keep the flame on for another 20 seconds so the cup catches evenly.</li><li>Gently blow out the flame and look for a steady amber glow, then set the cup on a heat-resistant holder or stand.</li><li>Always burn on a flat, heat-resistant surface, away from drafts, curtains, children and pets. Never leave a burning cup unattended.</li></ol>
<p><em>Twelve boxes of Lemongrass for bright, fresh festive mornings.</em></p>",Stomatal Farms,Uncategorized,Incense Cups,"Aurora, Festive Pack, Navaratri, Deepavali, Lemongrass, Incense Cups, Pack of 12, Gift, Cow Dung, Charcoal Free",true,Title,Default Title,,,,,,,,AUR-LEM-CU-P12,0.0,,-1,continue,manual,2592.00,3240.00,true,true,,,,,,https://raw.githubusercontent.com/rizo8107/stomatalfarms/new/product-images/festive-packs/aurora-lemongrass-incense-cups-pack-of-12.jpg,1,Aurora Lemongrass Incense Cups — Pack of 12,false,Aurora Lemongrass Incense Cups — Pack of 12 | Festive Pack of 12,"180 handcrafted cups across 12 boxes. Cow dung based, charcoal-free, nothing synthetic. Festive price ₹2,592 (20% off ₹3,240).",,,,,,,,,,,,,"180|handcrafted cups (12 boxes)
₹3,240|total value
₹648|you save · 20% off
₹2,592|festive price",,"Lemongrass Incense Cups × 12 boxes: 15 handcrafted cups in every box, 180 cups in all. A crisp, refreshing and earthy aroma with bright, clean notes.
Lighting guide: A simple three-step guide inside every box for a clean, even burn.",Festive Pack • 12 boxes • 15 cups per box,MRP inclusive of all taxes,"Lemongrass Incense Cups (15 cups) × 12 @ ₹270|₹3,240
Total MRP|₹3,240|total
Festive Discount (20% OFF)|− ₹648
Festive Selling Price (effective ₹216 per box)|₹2,592|offer",,Free shipping,,,,"Hold the cup by its base and light the top rim on all sides for about 20 seconds.
Keep the flame on for another 20 seconds so the cup catches evenly.
Gently blow out the flame and look for a steady amber glow, then set the cup on a heat-resistant holder or stand.
Always burn on a flat, heat-resistant surface, away from drafts, curtains, children and pets. Never leave a burning cup unattended.",,"Cow dung base, nothing synthetic: Handcrafted with natural lemongrass extracts and aromatic herbs. No charcoal and no synthetic aroma.
A fresh start to every day: A bright, uplifting aroma for morning prayers and for freshening rooms before guests arrive.
Twelve gifts in one order: Each kraft and gold-foil box is a complete gift on its own, perfect for thamboolam and festive visits.
Better value per box: At the festive price, each box works out to just ₹216.",,,Festive Pack • 12 boxes • 15 cups per box,"Twelve boxes of Lemongrass for bright, fresh festive mornings.",Aurora Lemongrass Incense Cups — Pack of 12,"Cow dung based, Charcoal-free, Nothing synthetic, Gift-ready",,Festive Offer — Navaratri & Deepavali · Special Selling Price: 20% OFF the total MRP,MRP inclusive of all taxes,"Lemongrass Incense Cups (15 cups) × 12 @ ₹270|₹3,240
Total MRP|₹3,240|total
Festive Discount (20% OFF)|− ₹648
Festive Selling Price (effective ₹216 per box)|₹2,592|offer","Start every festive morning fresh. Aurora Lemongrass Incense Cups are handcrafted from cow dung and infused with natural lemongrass extracts and aromatic herbs, releasing a crisp, refreshing and earthy aroma that brightens the whole home. Light one with your morning prayers, or before guests arrive to leave every room feeling clean and inviting. Twelve boxes and 180 cups keep your pooja room stocked for the whole festive season, with plenty left to gift. Keep a few for yourself and add one to every thamboolam.",arka,,,,,,,,,,,,Cups,,,,,,,,kg,,,active
aurora-dasangam-incense-sticks-pack-of-6,Aurora Dasangam Incense Sticks — Pack of 6,"<p>The traditional aroma of the temple, ready for every day of the festive season. Aurora Dasangam Incense Sticks are handcrafted from cow dung and crafted with natural botanical extracts and aromatic herbs, releasing a rich, grounding aroma that fills the pooja room with calm. Light one for your daily prayers through Navaratri and Deepavali. Six boxes and 90 sticks carry you through Navaratri, Golu evenings and Deepavali, with boxes to spare for the homes you visit.</p>
<h3>What’s included</h3>
<ul><li>Dasangam Incense Sticks × 6 boxes: 15 premium handcrafted cow dung sticks in every box, 90 sticks in all. A traditional blend of ten botanicals with a rich, balsamic aroma that boosts positivity and relaxes body and soul.</li></ul>
<h3>Key features &amp; benefits</h3>
<ul><li>Cow dung base, nothing synthetic: Crafted with natural botanical extracts and aromatic herbs. No charcoal and no synthetic aroma.</li><li>Stocked for the season: 90 sticks means you won't run out on Saraswati Pooja, Vijayadashami or Deepavali.</li><li>Six gifts in one order: Each kraft and gold-foil box is a complete gift on its own, perfect for thamboolam and festive visits.</li><li>Better value per box: At the festive price, each box works out to just ₹146.25.</li></ul>
<h3>How to use</h3>
<ol><li>Light the tip of the stick and let the flame catch for a few seconds.</li><li>Gently blow out the flame so the tip glows and the smoke begins to rise.</li><li>Place the stick upright in an incense holder on a flat, heat-resistant surface.</li><li>Keep away from drafts, curtains, children and pets. Never leave a burning stick unattended.</li></ol>
<p><em>Six boxes of Dasangam for every prayer of the festive season.</em></p>",Stomatal Farms,Uncategorized,Incense Sticks,"Aurora, Festive Pack, Navaratri, Deepavali, Dasangam, Incense Sticks, Pack of 6, Gift, Cow Dung, Charcoal Free",true,Title,Default Title,,,,,,,,AUR-DAS-ST-P6,0.0,,-1,continue,manual,877.50,1170.00,true,true,,,,,,https://raw.githubusercontent.com/rizo8107/stomatalfarms/new/product-images/festive-packs/aurora-dasangam-incense-sticks-pack-of-6.jpg,1,Aurora Dasangam Incense Sticks — Pack of 6,false,Aurora Dasangam Incense Sticks — Pack of 6 | Festive Pack of 6,"90 handcrafted sticks across 6 boxes. Cow dung based, charcoal-free, nothing synthetic. Festive price ₹877.50 (25% off ₹1,170).",,,,,,,,,,,,,"90|handcrafted sticks (6 boxes)
₹1,170|total value
₹292.50|you save · 25% off
₹877.50|festive price",,"Dasangam Incense Sticks × 6 boxes: 15 premium handcrafted cow dung sticks in every box, 90 sticks in all. A traditional blend of ten botanicals with a rich, balsamic aroma that boosts positivity and relaxes body and soul.",Festive Pack • 6 boxes • 15 sticks per box,MRP inclusive of all taxes,"Dasangam Incense Sticks (15 sticks) × 6 @ ₹195|₹1,170
Total MRP|₹1,170|total
Festive Discount (25% OFF)|− ₹292.50
Festive Selling Price (effective ₹146.25 per box)|₹877.50|offer",,Free shipping,,,,"Light the tip of the stick and let the flame catch for a few seconds.
Gently blow out the flame so the tip glows and the smoke begins to rise.
Place the stick upright in an incense holder on a flat, heat-resistant surface.
Keep away from drafts, curtains, children and pets. Never leave a burning stick unattended.",,"Cow dung base, nothing synthetic: Crafted with natural botanical extracts and aromatic herbs. No charcoal and no synthetic aroma.
Stocked for the season: 90 sticks means you won't run out on Saraswati Pooja, Vijayadashami or Deepavali.
Six gifts in one order: Each kraft and gold-foil box is a complete gift on its own, perfect for thamboolam and festive visits.
Better value per box: At the festive price, each box works out to just ₹146.25.",,,Festive Pack • 6 boxes • 15 sticks per box,Six boxes of Dasangam for every prayer of the festive season.,Aurora Dasangam Incense Sticks — Pack of 6,"Cow dung based, No charcoal, Nothing synthetic, Gift-ready",,Festive Offer — Navaratri & Deepavali · Special Selling Price: 25% OFF the total MRP,MRP inclusive of all taxes,"Dasangam Incense Sticks (15 sticks) × 6 @ ₹195|₹1,170
Total MRP|₹1,170|total
Festive Discount (25% OFF)|− ₹292.50
Festive Selling Price (effective ₹146.25 per box)|₹877.50|offer","The traditional aroma of the temple, ready for every day of the festive season. Aurora Dasangam Incense Sticks are handcrafted from cow dung and crafted with natural botanical extracts and aromatic herbs, releasing a rich, grounding aroma that fills the pooja room with calm. Light one for your daily prayers through Navaratri and Deepavali. Six boxes and 90 sticks carry you through Navaratri, Golu evenings and Deepavali, with boxes to spare for the homes you visit.",arka,,,,,,,,,,,,Sticks,,,,,,,,kg,,,active
aurora-dasangam-incense-sticks-pack-of-12,Aurora Dasangam Incense Sticks — Pack of 12,"<p>The traditional aroma of the temple, ready for every day of the festive season. Aurora Dasangam Incense Sticks are handcrafted from cow dung and crafted with natural botanical extracts and aromatic herbs, releasing a rich, grounding aroma that fills the pooja room with calm. Light one for your daily prayers through Navaratri and Deepavali. Twelve boxes and 180 sticks keep your pooja room stocked for the whole festive season, with plenty left to gift. Keep a few for yourself and add one to every thamboolam.</p>
<h3>What’s included</h3>
<ul><li>Dasangam Incense Sticks × 12 boxes: 15 premium handcrafted cow dung sticks in every box, 180 sticks in all. A traditional blend of ten botanicals with a rich, balsamic aroma that boosts positivity and relaxes body and soul.</li></ul>
<h3>Key features &amp; benefits</h3>
<ul><li>Cow dung base, nothing synthetic: Crafted with natural botanical extracts and aromatic herbs. No charcoal and no synthetic aroma.</li><li>Stocked for the season: 180 sticks means you won't run out on Saraswati Pooja, Vijayadashami or Deepavali.</li><li>Twelve gifts in one order: Each kraft and gold-foil box is a complete gift on its own, perfect for thamboolam and festive visits.</li><li>Better value per box: At the festive price, each box works out to just ₹146.25.</li></ul>
<h3>How to use</h3>
<ol><li>Light the tip of the stick and let the flame catch for a few seconds.</li><li>Gently blow out the flame so the tip glows and the smoke begins to rise.</li><li>Place the stick upright in an incense holder on a flat, heat-resistant surface.</li><li>Keep away from drafts, curtains, children and pets. Never leave a burning stick unattended.</li></ol>
<p><em>Twelve boxes of Dasangam for every prayer of the festive season.</em></p>",Stomatal Farms,Uncategorized,Incense Sticks,"Aurora, Festive Pack, Navaratri, Deepavali, Dasangam, Incense Sticks, Pack of 12, Gift, Cow Dung, Charcoal Free",true,Title,Default Title,,,,,,,,AUR-DAS-ST-P12,0.0,,-1,continue,manual,1755.00,2340.00,true,true,,,,,,https://raw.githubusercontent.com/rizo8107/stomatalfarms/new/product-images/festive-packs/aurora-dasangam-incense-sticks-pack-of-12.jpg,1,Aurora Dasangam Incense Sticks — Pack of 12,false,Aurora Dasangam Incense Sticks — Pack of 12 | Festive Pack of 12,"180 handcrafted sticks across 12 boxes. Cow dung based, charcoal-free, nothing synthetic. Festive price ₹1,755 (25% off ₹2,340).",,,,,,,,,,,,,"180|handcrafted sticks (12 boxes)
₹2,340|total value
₹585|you save · 25% off
₹1,755|festive price",,"Dasangam Incense Sticks × 12 boxes: 15 premium handcrafted cow dung sticks in every box, 180 sticks in all. A traditional blend of ten botanicals with a rich, balsamic aroma that boosts positivity and relaxes body and soul.",Festive Pack • 12 boxes • 15 sticks per box,MRP inclusive of all taxes,"Dasangam Incense Sticks (15 sticks) × 12 @ ₹195|₹2,340
Total MRP|₹2,340|total
Festive Discount (25% OFF)|− ₹585
Festive Selling Price (effective ₹146.25 per box)|₹1,755|offer",,Free shipping,,,,"Light the tip of the stick and let the flame catch for a few seconds.
Gently blow out the flame so the tip glows and the smoke begins to rise.
Place the stick upright in an incense holder on a flat, heat-resistant surface.
Keep away from drafts, curtains, children and pets. Never leave a burning stick unattended.",,"Cow dung base, nothing synthetic: Crafted with natural botanical extracts and aromatic herbs. No charcoal and no synthetic aroma.
Stocked for the season: 180 sticks means you won't run out on Saraswati Pooja, Vijayadashami or Deepavali.
Twelve gifts in one order: Each kraft and gold-foil box is a complete gift on its own, perfect for thamboolam and festive visits.
Better value per box: At the festive price, each box works out to just ₹146.25.",,,Festive Pack • 12 boxes • 15 sticks per box,Twelve boxes of Dasangam for every prayer of the festive season.,Aurora Dasangam Incense Sticks — Pack of 12,"Cow dung based, No charcoal, Nothing synthetic, Gift-ready",,Festive Offer — Navaratri & Deepavali · Special Selling Price: 25% OFF the total MRP,MRP inclusive of all taxes,"Dasangam Incense Sticks (15 sticks) × 12 @ ₹195|₹2,340
Total MRP|₹2,340|total
Festive Discount (25% OFF)|− ₹585
Festive Selling Price (effective ₹146.25 per box)|₹1,755|offer","The traditional aroma of the temple, ready for every day of the festive season. Aurora Dasangam Incense Sticks are handcrafted from cow dung and crafted with natural botanical extracts and aromatic herbs, releasing a rich, grounding aroma that fills the pooja room with calm. Light one for your daily prayers through Navaratri and Deepavali. Twelve boxes and 180 sticks keep your pooja room stocked for the whole festive season, with plenty left to gift. Keep a few for yourself and add one to every thamboolam.",arka,,,,,,,,,,,,Sticks,,,,,,,,kg,,,active
aurora-floral-incense-sticks-pack-of-6,Aurora Floral Incense Sticks — Pack of 6,"<p>Fill your home with the soft sweetness of fresh blossoms this festive season. Aurora Floral Incense Sticks are handcrafted from cow dung and crafted with natural botanical extracts and aromatic herbs, releasing a gentle floral aroma that calms the mind and welcomes every guest. Light one as the lamps come on for Golu, or during your evening prayers. Six boxes and 90 sticks carry you through Navaratri, Golu evenings and Deepavali, with boxes to spare for the homes you visit.</p>
<h3>What’s included</h3>
<ul><li>Floral Incense Sticks × 6 boxes: 15 premium handcrafted cow dung sticks in every box, 90 sticks in all. A gentle, sweet floral aroma that evokes love, compassion and devotion.</li></ul>
<h3>Key features &amp; benefits</h3>
<ul><li>Cow dung base, nothing synthetic: Crafted with natural botanical extracts and aromatic herbs. No charcoal and no synthetic aroma.</li><li>Made for evenings and guests: A soft, welcoming aroma for Golu evenings, festive gatherings and evening prayers.</li><li>Six gifts in one order: Each kraft and gold-foil box is a complete gift on its own, perfect for thamboolam and festive visits.</li><li>Better value per box: At the festive price, each box works out to just ₹135.</li></ul>
<h3>How to use</h3>
<ol><li>Light the tip of the stick and let the flame catch for a few seconds.</li><li>Gently blow out the flame so the tip glows and the smoke begins to rise.</li><li>Place the stick upright in an incense holder on a flat, heat-resistant surface.</li><li>Keep away from drafts, curtains, children and pets. Never leave a burning stick unattended.</li></ol>
<p><em>Six boxes of Floral for festive evenings filled with warmth.</em></p>",Stomatal Farms,Uncategorized,Incense Sticks,"Aurora, Festive Pack, Navaratri, Deepavali, Floral, Incense Sticks, Pack of 6, Gift, Cow Dung, Charcoal Free",true,Title,Default Title,,,,,,,,AUR-FLO-ST-P6,0.0,,-1,continue,manual,810.00,1080.00,true,true,,,,,,https://raw.githubusercontent.com/rizo8107/stomatalfarms/new/product-images/festive-packs/aurora-floral-incense-sticks-pack-of-6.jpg,1,Aurora Floral Incense Sticks — Pack of 6,false,Aurora Floral Incense Sticks — Pack of 6 | Festive Pack of 6,"90 handcrafted sticks across 6 boxes. Cow dung based, charcoal-free, nothing synthetic. Festive price ₹810 (25% off ₹1,080).",,,,,,,,,,,,,"90|handcrafted sticks (6 boxes)
₹1,080|total value
₹270|you save · 25% off
₹810|festive price",,"Floral Incense Sticks × 6 boxes: 15 premium handcrafted cow dung sticks in every box, 90 sticks in all. A gentle, sweet floral aroma that evokes love, compassion and devotion.",Festive Pack • 6 boxes • 15 sticks per box,MRP inclusive of all taxes,"Floral Incense Sticks (15 sticks) × 6 @ ₹180|₹1,080
Total MRP|₹1,080|total
Festive Discount (25% OFF)|− ₹270
Festive Selling Price (effective ₹135 per box)|₹810|offer",,Free shipping,,,,"Light the tip of the stick and let the flame catch for a few seconds.
Gently blow out the flame so the tip glows and the smoke begins to rise.
Place the stick upright in an incense holder on a flat, heat-resistant surface.
Keep away from drafts, curtains, children and pets. Never leave a burning stick unattended.",,"Cow dung base, nothing synthetic: Crafted with natural botanical extracts and aromatic herbs. No charcoal and no synthetic aroma.
Made for evenings and guests: A soft, welcoming aroma for Golu evenings, festive gatherings and evening prayers.
Six gifts in one order: Each kraft and gold-foil box is a complete gift on its own, perfect for thamboolam and festive visits.
Better value per box: At the festive price, each box works out to just ₹135.",,,Festive Pack • 6 boxes • 15 sticks per box,Six boxes of Floral for festive evenings filled with warmth.,Aurora Floral Incense Sticks — Pack of 6,"Cow dung based, No charcoal, Nothing synthetic, Gift-ready",,Festive Offer — Navaratri & Deepavali · Special Selling Price: 25% OFF the total MRP,MRP inclusive of all taxes,"Floral Incense Sticks (15 sticks) × 6 @ ₹180|₹1,080
Total MRP|₹1,080|total
Festive Discount (25% OFF)|− ₹270
Festive Selling Price (effective ₹135 per box)|₹810|offer","Fill your home with the soft sweetness of fresh blossoms this festive season. Aurora Floral Incense Sticks are handcrafted from cow dung and crafted with natural botanical extracts and aromatic herbs, releasing a gentle floral aroma that calms the mind and welcomes every guest. Light one as the lamps come on for Golu, or during your evening prayers. Six boxes and 90 sticks carry you through Navaratri, Golu evenings and Deepavali, with boxes to spare for the homes you visit.",arka,,,,,,,,,,,,Sticks,,,,,,,,kg,,,active
aurora-floral-incense-sticks-pack-of-12,Aurora Floral Incense Sticks — Pack of 12,"<p>Fill your home with the soft sweetness of fresh blossoms this festive season. Aurora Floral Incense Sticks are handcrafted from cow dung and crafted with natural botanical extracts and aromatic herbs, releasing a gentle floral aroma that calms the mind and welcomes every guest. Light one as the lamps come on for Golu, or during your evening prayers. Twelve boxes and 180 sticks keep your pooja room stocked for the whole festive season, with plenty left to gift. Keep a few for yourself and add one to every thamboolam.</p>
<h3>What’s included</h3>
<ul><li>Floral Incense Sticks × 12 boxes: 15 premium handcrafted cow dung sticks in every box, 180 sticks in all. A gentle, sweet floral aroma that evokes love, compassion and devotion.</li></ul>
<h3>Key features &amp; benefits</h3>
<ul><li>Cow dung base, nothing synthetic: Crafted with natural botanical extracts and aromatic herbs. No charcoal and no synthetic aroma.</li><li>Made for evenings and guests: A soft, welcoming aroma for Golu evenings, festive gatherings and evening prayers.</li><li>Twelve gifts in one order: Each kraft and gold-foil box is a complete gift on its own, perfect for thamboolam and festive visits.</li><li>Better value per box: At the festive price, each box works out to just ₹135.</li></ul>
<h3>How to use</h3>
<ol><li>Light the tip of the stick and let the flame catch for a few seconds.</li><li>Gently blow out the flame so the tip glows and the smoke begins to rise.</li><li>Place the stick upright in an incense holder on a flat, heat-resistant surface.</li><li>Keep away from drafts, curtains, children and pets. Never leave a burning stick unattended.</li></ol>
<p><em>Twelve boxes of Floral for festive evenings filled with warmth.</em></p>",Stomatal Farms,Uncategorized,Incense Sticks,"Aurora, Festive Pack, Navaratri, Deepavali, Floral, Incense Sticks, Pack of 12, Gift, Cow Dung, Charcoal Free",true,Title,Default Title,,,,,,,,AUR-FLO-ST-P12,0.0,,-1,continue,manual,1620.00,2160.00,true,true,,,,,,https://raw.githubusercontent.com/rizo8107/stomatalfarms/new/product-images/festive-packs/aurora-floral-incense-sticks-pack-of-12.jpg,1,Aurora Floral Incense Sticks — Pack of 12,false,Aurora Floral Incense Sticks — Pack of 12 | Festive Pack of 12,"180 handcrafted sticks across 12 boxes. Cow dung based, charcoal-free, nothing synthetic. Festive price ₹1,620 (25% off ₹2,160).",,,,,,,,,,,,,"180|handcrafted sticks (12 boxes)
₹2,160|total value
₹540|you save · 25% off
₹1,620|festive price",,"Floral Incense Sticks × 12 boxes: 15 premium handcrafted cow dung sticks in every box, 180 sticks in all. A gentle, sweet floral aroma that evokes love, compassion and devotion.",Festive Pack • 12 boxes • 15 sticks per box,MRP inclusive of all taxes,"Floral Incense Sticks (15 sticks) × 12 @ ₹180|₹2,160
Total MRP|₹2,160|total
Festive Discount (25% OFF)|− ₹540
Festive Selling Price (effective ₹135 per box)|₹1,620|offer",,Free shipping,,,,"Light the tip of the stick and let the flame catch for a few seconds.
Gently blow out the flame so the tip glows and the smoke begins to rise.
Place the stick upright in an incense holder on a flat, heat-resistant surface.
Keep away from drafts, curtains, children and pets. Never leave a burning stick unattended.",,"Cow dung base, nothing synthetic: Crafted with natural botanical extracts and aromatic herbs. No charcoal and no synthetic aroma.
Made for evenings and guests: A soft, welcoming aroma for Golu evenings, festive gatherings and evening prayers.
Twelve gifts in one order: Each kraft and gold-foil box is a complete gift on its own, perfect for thamboolam and festive visits.
Better value per box: At the festive price, each box works out to just ₹135.",,,Festive Pack • 12 boxes • 15 sticks per box,Twelve boxes of Floral for festive evenings filled with warmth.,Aurora Floral Incense Sticks — Pack of 12,"Cow dung based, No charcoal, Nothing synthetic, Gift-ready",,Festive Offer — Navaratri & Deepavali · Special Selling Price: 25% OFF the total MRP,MRP inclusive of all taxes,"Floral Incense Sticks (15 sticks) × 12 @ ₹180|₹2,160
Total MRP|₹2,160|total
Festive Discount (25% OFF)|− ₹540
Festive Selling Price (effective ₹135 per box)|₹1,620|offer","Fill your home with the soft sweetness of fresh blossoms this festive season. Aurora Floral Incense Sticks are handcrafted from cow dung and crafted with natural botanical extracts and aromatic herbs, releasing a gentle floral aroma that calms the mind and welcomes every guest. Light one as the lamps come on for Golu, or during your evening prayers. Twelve boxes and 180 sticks keep your pooja room stocked for the whole festive season, with plenty left to gift. Keep a few for yourself and add one to every thamboolam.",arka,,,,,,,,,,,,Sticks,,,,,,,,kg,,,active
aurora-lemongrass-incense-sticks-pack-of-6,Aurora Lemongrass Incense Sticks — Pack of 6,"<p>A crisp, clean start to every festive day. Aurora Lemongrass Incense Sticks are handcrafted from cow dung and crafted with natural botanical extracts and aromatic herbs, releasing a refreshing, earthy aroma that brightens the whole home. Light one with your morning prayers or before guests arrive. Six boxes and 90 sticks carry you through Navaratri, Golu evenings and Deepavali, with boxes to spare for the homes you visit.</p>
<h3>What’s included</h3>
<ul><li>Lemongrass Incense Sticks × 6 boxes: 15 premium handcrafted cow dung sticks in every box, 90 sticks in all. A crisp, refreshing and earthy aroma with bright, clean notes.</li></ul>
<h3>Key features &amp; benefits</h3>
<ul><li>Cow dung base, nothing synthetic: Crafted with natural botanical extracts and aromatic herbs. No charcoal and no synthetic aroma.</li><li>A fresh start to every day: A bright, uplifting aroma for morning prayers and for freshening rooms before guests arrive.</li><li>Six gifts in one order: Each kraft and gold-foil box is a complete gift on its own, perfect for thamboolam and festive visits.</li><li>Better value per box: At the festive price, each box works out to just ₹135.</li></ul>
<h3>How to use</h3>
<ol><li>Light the tip of the stick and let the flame catch for a few seconds.</li><li>Gently blow out the flame so the tip glows and the smoke begins to rise.</li><li>Place the stick upright in an incense holder on a flat, heat-resistant surface.</li><li>Keep away from drafts, curtains, children and pets. Never leave a burning stick unattended.</li></ol>
<p><em>Six boxes of Lemongrass for bright, fresh festive days.</em></p>",Stomatal Farms,Uncategorized,Incense Sticks,"Aurora, Festive Pack, Navaratri, Deepavali, Lemongrass, Incense Sticks, Pack of 6, Gift, Cow Dung, Charcoal Free",true,Title,Default Title,,,,,,,,AUR-LEM-ST-P6,0.0,,-1,continue,manual,810.00,1080.00,true,true,,,,,,https://raw.githubusercontent.com/rizo8107/stomatalfarms/new/product-images/festive-packs/aurora-lemongrass-incense-sticks-pack-of-6.jpg,1,Aurora Lemongrass Incense Sticks — Pack of 6,false,Aurora Lemongrass Incense Sticks — Pack of 6 | Festive Pack of 6,"90 handcrafted sticks across 6 boxes. Cow dung based, charcoal-free, nothing synthetic. Festive price ₹810 (25% off ₹1,080).",,,,,,,,,,,,,"90|handcrafted sticks (6 boxes)
₹1,080|total value
₹270|you save · 25% off
₹810|festive price",,"Lemongrass Incense Sticks × 6 boxes: 15 premium handcrafted cow dung sticks in every box, 90 sticks in all. A crisp, refreshing and earthy aroma with bright, clean notes.",Festive Pack • 6 boxes • 15 sticks per box,MRP inclusive of all taxes,"Lemongrass Incense Sticks (15 sticks) × 6 @ ₹180|₹1,080
Total MRP|₹1,080|total
Festive Discount (25% OFF)|− ₹270
Festive Selling Price (effective ₹135 per box)|₹810|offer",,Free shipping,,,,"Light the tip of the stick and let the flame catch for a few seconds.
Gently blow out the flame so the tip glows and the smoke begins to rise.
Place the stick upright in an incense holder on a flat, heat-resistant surface.
Keep away from drafts, curtains, children and pets. Never leave a burning stick unattended.",,"Cow dung base, nothing synthetic: Crafted with natural botanical extracts and aromatic herbs. No charcoal and no synthetic aroma.
A fresh start to every day: A bright, uplifting aroma for morning prayers and for freshening rooms before guests arrive.
Six gifts in one order: Each kraft and gold-foil box is a complete gift on its own, perfect for thamboolam and festive visits.
Better value per box: At the festive price, each box works out to just ₹135.",,,Festive Pack • 6 boxes • 15 sticks per box,"Six boxes of Lemongrass for bright, fresh festive days.",Aurora Lemongrass Incense Sticks — Pack of 6,"Cow dung based, No charcoal, Nothing synthetic, Gift-ready",,Festive Offer — Navaratri & Deepavali · Special Selling Price: 25% OFF the total MRP,MRP inclusive of all taxes,"Lemongrass Incense Sticks (15 sticks) × 6 @ ₹180|₹1,080
Total MRP|₹1,080|total
Festive Discount (25% OFF)|− ₹270
Festive Selling Price (effective ₹135 per box)|₹810|offer","A crisp, clean start to every festive day. Aurora Lemongrass Incense Sticks are handcrafted from cow dung and crafted with natural botanical extracts and aromatic herbs, releasing a refreshing, earthy aroma that brightens the whole home. Light one with your morning prayers or before guests arrive. Six boxes and 90 sticks carry you through Navaratri, Golu evenings and Deepavali, with boxes to spare for the homes you visit.",arka,,,,,,,,,,,,Sticks,,,,,,,,kg,,,active
aurora-lemongrass-incense-sticks-pack-of-12,Aurora Lemongrass Incense Sticks — Pack of 12,"<p>A crisp, clean start to every festive day. Aurora Lemongrass Incense Sticks are handcrafted from cow dung and crafted with natural botanical extracts and aromatic herbs, releasing a refreshing, earthy aroma that brightens the whole home. Light one with your morning prayers or before guests arrive. Twelve boxes and 180 sticks keep your pooja room stocked for the whole festive season, with plenty left to gift. Keep a few for yourself and add one to every thamboolam.</p>
<h3>What’s included</h3>
<ul><li>Lemongrass Incense Sticks × 12 boxes: 15 premium handcrafted cow dung sticks in every box, 180 sticks in all. A crisp, refreshing and earthy aroma with bright, clean notes.</li></ul>
<h3>Key features &amp; benefits</h3>
<ul><li>Cow dung base, nothing synthetic: Crafted with natural botanical extracts and aromatic herbs. No charcoal and no synthetic aroma.</li><li>A fresh start to every day: A bright, uplifting aroma for morning prayers and for freshening rooms before guests arrive.</li><li>Twelve gifts in one order: Each kraft and gold-foil box is a complete gift on its own, perfect for thamboolam and festive visits.</li><li>Better value per box: At the festive price, each box works out to just ₹135.</li></ul>
<h3>How to use</h3>
<ol><li>Light the tip of the stick and let the flame catch for a few seconds.</li><li>Gently blow out the flame so the tip glows and the smoke begins to rise.</li><li>Place the stick upright in an incense holder on a flat, heat-resistant surface.</li><li>Keep away from drafts, curtains, children and pets. Never leave a burning stick unattended.</li></ol>
<p><em>Twelve boxes of Lemongrass for bright, fresh festive days.</em></p>",Stomatal Farms,Uncategorized,Incense Sticks,"Aurora, Festive Pack, Navaratri, Deepavali, Lemongrass, Incense Sticks, Pack of 12, Gift, Cow Dung, Charcoal Free",true,Title,Default Title,,,,,,,,AUR-LEM-ST-P12,0.0,,-1,continue,manual,1620.00,2160.00,true,true,,,,,,https://raw.githubusercontent.com/rizo8107/stomatalfarms/new/product-images/festive-packs/aurora-lemongrass-incense-sticks-pack-of-12.jpg,1,Aurora Lemongrass Incense Sticks — Pack of 12,false,Aurora Lemongrass Incense Sticks — Pack of 12 | Festive Pack of 12,"180 handcrafted sticks across 12 boxes. Cow dung based, charcoal-free, nothing synthetic. Festive price ₹1,620 (25% off ₹2,160).",,,,,,,,,,,,,"180|handcrafted sticks (12 boxes)
₹2,160|total value
₹540|you save · 25% off
₹1,620|festive price",,"Lemongrass Incense Sticks × 12 boxes: 15 premium handcrafted cow dung sticks in every box, 180 sticks in all. A crisp, refreshing and earthy aroma with bright, clean notes.",Festive Pack • 12 boxes • 15 sticks per box,MRP inclusive of all taxes,"Lemongrass Incense Sticks (15 sticks) × 12 @ ₹180|₹2,160
Total MRP|₹2,160|total
Festive Discount (25% OFF)|− ₹540
Festive Selling Price (effective ₹135 per box)|₹1,620|offer",,Free shipping,,,,"Light the tip of the stick and let the flame catch for a few seconds.
Gently blow out the flame so the tip glows and the smoke begins to rise.
Place the stick upright in an incense holder on a flat, heat-resistant surface.
Keep away from drafts, curtains, children and pets. Never leave a burning stick unattended.",,"Cow dung base, nothing synthetic: Crafted with natural botanical extracts and aromatic herbs. No charcoal and no synthetic aroma.
A fresh start to every day: A bright, uplifting aroma for morning prayers and for freshening rooms before guests arrive.
Twelve gifts in one order: Each kraft and gold-foil box is a complete gift on its own, perfect for thamboolam and festive visits.
Better value per box: At the festive price, each box works out to just ₹135.",,,Festive Pack • 12 boxes • 15 sticks per box,"Twelve boxes of Lemongrass for bright, fresh festive days.",Aurora Lemongrass Incense Sticks — Pack of 12,"Cow dung based, No charcoal, Nothing synthetic, Gift-ready",,Festive Offer — Navaratri & Deepavali · Special Selling Price: 25% OFF the total MRP,MRP inclusive of all taxes,"Lemongrass Incense Sticks (15 sticks) × 12 @ ₹180|₹2,160
Total MRP|₹2,160|total
Festive Discount (25% OFF)|− ₹540
Festive Selling Price (effective ₹135 per box)|₹1,620|offer","A crisp, clean start to every festive day. Aurora Lemongrass Incense Sticks are handcrafted from cow dung and crafted with natural botanical extracts and aromatic herbs, releasing a refreshing, earthy aroma that brightens the whole home. Light one with your morning prayers or before guests arrive. Twelve boxes and 180 sticks keep your pooja room stocked for the whole festive season, with plenty left to gift. Keep a few for yourself and add one to every thamboolam.",arka,,,,,,,,,,,,Sticks,,,,,,,,kg,,,active
