Handle,Title,Option1 Name,Option1 Value,Metafield: custom.product_layout [single_line_text_field],Metafield: custom.panel_title [single_line_text_field],Metafield: custom.panel_subtitle [single_line_text_field],Metafield: custom.panel_tagline [single_line_text_field],Metafield: custom.box_metrics [multi_line_text_field],Metafield: custom.pill_tags [single_line_text_field]
aurora-vinayagar-chadhurthi-festive-combo,Aurora Vinayagar Chadhurthi Festive Combo,Title,Default Title,arka,Aurora Vinayagar Chadhurthi Festive Combo,Dasangam • Floral • Lemongrass • Aarambh,,"4|incense stick packs
₹654|total value
₹98|you save · 15% off","Dasangam,Floral,Lemongrass,Aarambh"
premium-handcrafted-coconut-shell-incense-holder,Premium Handcrafted Coconut Shell Incense Holder,Title,Default Title,arka,Premium Handcrafted Coconut Shell Incense Holder,Handcrafted Sustainable Lifestyle Series,,"1|handcrafted holder
100%|coconut shell
₹360|MRP incl. taxes","100% Organic,Biodegradable,Heat-resistant,Handcrafted"
sacred-rituals-relaxation-gift-combo,Sacred Rituals & Relaxation Gift Combo,Title,Default Title,arka,Sacred Rituals & Relaxation Gift Combo,Premium Incense Sticks & Luxurious Bath Salts,,"5|incense sticks + bath salts
₹1,079|total value
₹162|you save · 15% off","Low-smoke incense,Sandalwood & Rose salts,Natural botanicals,Gift-ready"
sacred-aroma-incense-combo,Sacred Aroma Incense Combo,Title,Default Title,arka,Sacred Aroma Incense Combo,Incense Cups & Artisan Holder Collection,,"4|incense cups + holder
₹1,185|total value
₹178|you save · 15% off","100% Natural,No synthetic charcoal,Artisan holder,Gift-ready"
aurora-sacred-harmony-ritual-combo,Aurora Sacred Harmony Ritual Combo,Title,Default Title,arka,Aurora Sacred Harmony Ritual Combo,Exclusive Sacred Harmony Combo Pack,,"5|Arka cups + incense sticks
₹1,203|total value
₹180|you save · 15% off","Cow dung base,Charcoal-free,Non-toxic,Handmade"
aurora-sacred-rituals-collection,Aurora Sacred Rituals Collection,Title,Default Title,arka,Aurora Sacred Rituals Collection,Premium Grand Puja & Wellness Festival Combo,,"9|diyas, cups, sticks & salts
₹2,269|total value
₹340|you save · 15% off","Charcoal-free,Cow dung based,Non-toxic,Free shipping"
arka-cow-dung-incense-cups,"ARKA - Aurora's original blend - Camphor, Frankincense & Herbs",Title,Default Title,arka,ARKA — Cow Dung Incense Cups,"The Original Blend · Camphor, Frankincense & Herbs",One cup a day. Thirty days of calm.,"30|incense|cups — one for every day of the month
30 g|herbal incense powder
1|incense holder","Cow dung based,Lab tested,No synthetic fragrance,No charcoal,Zero-waste ash"
aarambh-the-starter-collection-incense-sticks-by-aurora-stomatal-farms,Aarambh  The Starter Collection |    6 Incense Sticks | 1 Pack,Title,Default Title,standard,,,,,
