Handle,Title,Option1 Name,Option1 Value,Metafield: custom.product_layout [single_line_text_field],Metafield: custom.panel_title [single_line_text_field],Metafield: custom.panel_subtitle [single_line_text_field],Metafield: custom.panel_tagline [single_line_text_field],Metafield: custom.box_metrics [multi_line_text_field],Metafield: custom.pill_tags [single_line_text_field],Metafield: custom.combo_includes [multi_line_text_field],Metafield: custom.key_highlights [multi_line_text_field],Metafield: custom.how_to_use [multi_line_text_field],Metafield: custom.product_details [multi_line_text_field],Metafield: custom.pricing_heading [single_line_text_field],Metafield: custom.pricing_rows [multi_line_text_field],Metafield: custom.pricing_note [single_line_text_field],Vendor,Variant SKU,Variant Price,Variant Compare At Price,Variant Requires Shipping,Variant Taxable,Variant Inventory Policy,Status,Published
aurora-vinayagar-chadhurthi-festive-combo,Aurora Vinayagar Chadhurthi Festive Combo,Title,Default Title,arka,,Dasangam • Floral • Lemongrass • Aarambh,,"4|incense stick packs
₹654|total value
₹98|you save · 15% off","Dasangam,Floral,Lemongrass,Aarambh","Dasangam Incense Sticks: A traditional aromatic blend that adds a rich and serene fragrance to your prayer space.
Floral Incense Sticks: A gentle floral fragrance that creates a pleasant, calming and welcoming atmosphere.
Lemongrass Incense Sticks: A fresh, uplifting lemongrass aroma that refreshes the surroundings.
Aarambh: A thoughtfully crafted aromatic addition to begin your festive moments with a positive ambience.",,,,Festive Offer — Vinayagar Chadhurthi · Special Selling Price: 15% OFF the total MRP,"Dasangam Stick|195
Floral Stick|180
Lemongrass Stick|180
Aarambh|99
Total MRP|654|total
Festive Selling Price (15% OFF)|556|offer",A perfect festive fragrance combo for your Vinayagar Chadhurthi celebrations.,Stomatal Farms,AUR-COMBO-VC-01,556.0,654.0,TRUE,TRUE,deny,active,TRUE
premium-handcrafted-coconut-shell-incense-holder,Premium Handcrafted Coconut Shell Incense Holder,Title,Default Title,arka,,Handcrafted Sustainable Lifestyle Series,,"1|handcrafted holder
100%|coconut shell
₹360|MRP incl. taxes","100% Organic,Biodegradable,Heat-resistant,Handcrafted",,"100% Organic & Biodegradable: Responsibly handcrafted by local artisans using upcycled real coconut shells, cutting down on industrial chemical pollutants.
Optimized Aeration Vents: Specially engineered uniform openings maximize natural ventilation, keeping incense cups burning smoothly while creating clean, swirling smoke pathways.
Versatile Dhoop Capacity: Perfectly matches standard ritual items including Dasangam cups, floral Sambrani blends, herbal dhoop cones, and traditional loose resins.
Safe Thermal Barrier: Naturally engineered to resist elevated temperatures, ensuring surfaces underneath stay perfectly protected from heat damage during ritual usage.","Place the incense cup flat and perfectly centered inside the internal chamber base.
Light the tip evenly, allow it to catch a steady flame, gently blow it out to glow, then close the protective dome cover.
Always set the holder on a completely flat, level, and stable heat-resistant surface away from high drafts.
Gently wipe out cool residual ash using a dry, soft fiber cloth after every aromatherapy session.","Product Classification: Premium Aromatherapy Accessory / Eco-friendly Dhoop Dani
Primary Material: 100% Genuine, Seasoned Natural Coconut Shell
Design Elements: Perforated ventilation holes, polished heat-resistant interior, stable organic structural base
Maximum Retail Price (MRP): ₹ 360.00 (Inclusive of all taxes)
Packaging Includes: 1 x Artisanal Coconut Shell Incense Holder",,Premium Handcrafted Coconut Shell Incense Holder|360.00|offer,,Stomatal Farms,AUR-HOLDER-CS-01,360.0,,TRUE,TRUE,deny,active,TRUE
sacred-rituals-relaxation-gift-combo,Sacred Rituals & Relaxation Gift Combo,Title,Default Title,arka,,Premium Incense Sticks & Luxurious Bath Salts,,"5|incense sticks + bath salts
₹1,079|total value
₹162|you save · 15% off","Low-smoke incense,Sandalwood & Rose salts,Natural botanicals,Gift-ready","Dasangam Incense Sticks: Rich, therapeutic, and deeply grounded in traditional South Indian temple rituals. Formulated with authentic herbal resins and natural botanicals to drive away negative energies.
Floral Incense Sticks: A sweet, gentle, and blooming fragrance captured from sacred botanical petals. Perfect for uplifting the spirit and leaving a soothing, long-lasting sweetness in the air.
Lemongrass Incense Sticks: Crisp, zesty, and highly refreshing. Its bright, clean notes act as an immediate mood booster, keeping insects at bay while neutralizing indoor odors naturally.
Aarambh Incense Sticks: The ultimate starter selection featuring a balanced, alternating medley of our three signature flavor profiles. Ideal for sampling different moods and sensory experiences.
Sandalwood & Rose Bath Salts: A premium, mineral-rich bath blend infused with soothing real botanical extracts. Pure sandalwood oils ground the mind while soft rose extracts nourish, soften, and lightly scent the skin for total relaxation.",,,,,"Dasangam Incense Sticks|195.00
Floral Incense Sticks|180.00
Lemongrass Incense Sticks|180.00
Aarambh Incense Sticks (3-in-1 Blend Pack)|99.00
Sandalwood & Rose Bath Salts|425.00
Total Individual MRP|1079.00|total
Special Promotion Discount|15% OFF|total
Final Offer Selling Price (S.P.)|917.15|offer","Thank you for choosing Aurora Organic Care Essentials. Bring home peace, purity, and relaxation.",Stomatal Farms,AUR-COMBO-SRR-01,917.15,1079.0,TRUE,TRUE,deny,active,TRUE
sacred-aroma-incense-combo,Sacred Aroma Incense Combo,Title,Default Title,arka,,Incense Cups & Artisan Holder Collection,,"4|incense cups + holder
₹1,185|total value
₹178|you save · 15% off","100% Natural,No synthetic charcoal,Artisan holder,Gift-ready","Dasangam Incense Cups: Infused with ancient, sacred herbs, resins, and pure botanicals to invoke peace and positivity in your surroundings.
Floral Incense Cups: Blended with natural floral extracts to create a refreshing, serene atmosphere reminiscent of pristine temple gardens.
Lemongrass Incense Cups: A crisp, uplifting citrus scent designed to cleanse your environment, clear the mind, and boost focus.
Artisan Incense Holder: A beautifully crafted, natural coconut-shell inspired holder featuring elegant geometric cutouts that scatter soothing ambient smoke patterns safely.","100% Natural & Organic Materials: Handcrafted with sustainably sourced ingredients, keeping your spaces pure and free from synthetic charcoal or harmful chemicals.
Captivating Smoke Patterns: The specially designed artisan holder releases mesmerizing silhouettes of therapeutic smoke to induce deeper states of calm.
Perfect for Every Occasion: Ideal for morning prayers, standard meditation routines, yoga practices, or simply purifying your living environment.
Premium Gift Ready Packaging: Safely nestled within rustic, premium gold-accented boxes, making it an excellent thoughtful gift option for loved ones.",,,,"Dasangam Incense Cups|285.00
Floral Incense Cups|270.00
Lemongrass Incense Cups|270.00
Artisan Incense Holder|360.00
Total MRP|1,185.00|total
Special Combo Price (15% OFF)|1,007.25|offer",,Stomatal Farms,AUR-COMBO-SAI-01,1007.25,1185.0,TRUE,TRUE,deny,active,TRUE
aurora-sacred-harmony-ritual-combo,Aurora Sacred Harmony Ritual Combo,Title,Default Title,arka,,Exclusive Sacred Harmony Combo Pack,,"5|Arka cups + incense sticks
₹1,203|total value
₹180|you save · 15% off","Cow dung base,Charcoal-free,Non-toxic,Handmade","ARKA Cow Dung Incense Cups (The Original Blend): A profound premium formulation blending pure, auspicious cow dung base with hand-picked resins, frankincense, and sacred medicinal herbs. Designed to purify environmental energy, repel negative vibrations, and clear the air clean while leaving a deep, grounding woodland trail.
Aarambh Incense Sticks: The ultimate signature transition bundle. Compiling a harmonized cross-selection of our primary flavor profiles, Aarambh serves as the perfect sensory introduction to kickstart new beginnings, prayers, or spiritual routines.
Dasangam Incense Sticks: Infused with the timeless, highly therapeutic traditional heritage powder of Southern India. Emits a regal, sweet, balsamic aroma known for centuries to soothe nervous tension, facilitate deep meditation, and create a majestic temple-like ambience.
Lemongrass Incense Sticks: Crisp, zesty, and highly invigorating. Infused with pure organic lemongrass extracts to naturally cleanse the surroundings, sharpen mental acuity, repel insects, and fill your mornings with refreshing, bright energy.
Floral Incense Sticks: A soft, romantic, and beautifully calming bouquet layer. Captures the delicate, soothing sweetness of sun-kissed blossoms to ease mental fatigue, promote emotional balance, and wrap your evenings in soft comfort.","100% Charcoal-Free & Non-Toxic: Zero synthetic chemicals, zero phthalates, and zero artificial smoke enhancers, keeping your home air pure and entirely breath-safe.
Premium Cow Dung Base: Maintains structural sanctity using ancient Vedic methods that maximize slow-burning diffusion and provide long-lasting rich secondary notes.
Artisanal Crafts & Sustainability: Hand-rolled and ethically prepared by traditional communities, ensuring eco-conscious luxury that honors the environment.
Complete Aromatherapy Spectrum: Ranges dynamically from sweet balsamic base tones to floral softness and energetic citrus, matching every mood, ritual, or time of day.","Panchagavya Ghee Diya (12 Pcs Pack): Handcrafted using traditional organic cow dung bases filled with pure cow ghee and cotton wicks. Ignites a highly sacred, continuous flame that neutralizes atmospheric negative energies while generating absolute spiritual purity.

Sandalwood & Rose Therapeutic Bath Salts: A premium, crystalline detox blend infused with natural Mysore Sandalwood extracts and soothing damask rose essential oils. Dissolves seamlessly into warm water to melt stress, soften dry skin, and elevate post-ritual personal wellness.

Aarambh Multi-Flavor Incense Sticks: The perfect introductory sample assortment packing signature blends together. Ideal for rotating aromatic ambiances to match shifting dynamic meditation focuses throughout the day.
Dasangam Incense Cups & Sticks: An ancestral, deeply mysterious blend of 10 classic botanicals including natural resins, honey, and sacred wood barks. Releases a thick, majestic aroma engineered to mirror ancient temple high-energy fields.

Lemongrass Incense Cups & Sticks: Zesty, vibrant citrus therapeutic vapors that clean surrounding air structures
immediately. Acts as an excellent natural mosquito repellant, sharpens crisp psychological alertness, and clears mental fatigue.

Floral Incense Cups & Sticks: A velvety sweet bouquet formulated from naturally handpicked holy temple flower recycling layers. Best suited for deep evening relaxing meditation, yoga spaces, or establishing an comforting personal haven.",,,"Aarambh Incense Sticks|99.00
Dasangam Incense Sticks|195.00
Lemongrass Incense Sticks|180.00
Floral Incense Sticks|180.00
ARKA Cow Dung Incense Cups (Original Blend)|549.00
Cumulative Combo Total MRP|1203.00|total
Special Commercial Selling Price (S.P.) — 15% OFF|1022.55|offer",Thank you for choosing Aurora. Elevate your essence naturally.,Stomatal Farms,AUR-COMBO-SHR-01,1022.55,1203.0,TRUE,TRUE,deny,active,TRUE
aurora-sacred-rituals-collection,Aurora Sacred Rituals Collection,Title,Default Title,arka,,Premium Grand Puja & Wellness Festival Combo,,"9|diyas, cups, sticks & salts
₹2,269|total value
₹340|you save · 15% off","Charcoal-free,Cow dung based,Non-toxic,Free shipping","Panchagavya Ghee Diya (12 Pcs Pack): Handcrafted using traditional organic cow dung bases filled with pure cow ghee and cotton wicks. Ignites a highly sacred, continuous flame that neutralizes atmospheric negative energies while generating absolute spiritual purity.
Sandalwood & Rose Therapeutic Bath Salts: A premium, crystalline detox blend infused with natural Mysore Sandalwood extracts and soothing damask rose essential oils. Dissolves seamlessly into warm water to melt stress, soften dry skin, and elevate post-ritual personal wellness.
Aarambh Multi-Flavor Incense Sticks: The perfect introductory sample assortment packing signature blends together. Ideal for rotating aromatic ambiances to match shifting dynamic meditation focuses throughout the day.
Dasangam Incense Cups & Sticks: An ancestral, deeply mysterious blend of 10 classic botanicals including natural resins, honey, and sacred wood barks. Releases a thick, majestic aroma engineered to mirror ancient temple high-energy fields.
Lemongrass Incense Cups & Sticks: Zesty, vibrant citrus therapeutic vapors that clean surrounding air structures immediately. Acts as an excellent natural mosquito repellant, sharpens crisp psychological alertness, and clears mental fatigue.
Floral Incense Cups & Sticks: A velvety sweet bouquet formulated from naturally handpicked holy temple flower recycling layers. Best suited for deep evening relaxing meditation, yoga spaces, or establishing an comforting personal haven.","100% Charcoal-Free & Non-Toxic: Zero synthetic coal chemical additions ensure clean, therapeutic smoke emissions that do not irritate lungs or cause coughing.
Eco-Friendly Upcycled Base Formulations: Utilizes responsibly gathered organic desi cow dung cakes and sacred temple flowers to maintain deep conscious manufacturing values.
Perfect Luxury Spiritual Gift Option: Neatly enclosed within minimal aesthetic, recyclable cardboard boxes—an unforgettable gift set choice for housewarmings, Diwali, and spiritual milestone celebrations.",,,,"Panchagavya Ghee Diya Pack|365.00
Aarambh Incense Sticks Pack|99.00
Dasangam Incense Sticks Pack|195.00
Lemongrass Incense Sticks Pack|180.00
Floral Incense Sticks Pack|180.00
Dasangam Incense Cups Box|285.00
Lemongrass Incense Cups Box|270.00
Floral Incense Cups Box|270.00
Sandalwood & Rose Bath Salts Jar|425.00
Cumulative Standalone MRP|2,269.00|total
Special Combo Discount (15% OFF)|− 340.35|total
Final Special Offer Selling Price|1,928.65|offer",Inclusive of all domestic applicable taxes | Free Standard Courier Shipping Included,Stomatal Farms,AUR-COMBO-SRC-01,1928.65,2269.0,TRUE,TRUE,deny,active,TRUE
arka-cow-dung-incense-cups,"ARKA - Aurora's original blend - Camphor, Frankincense & Herbs",Title,Default Title,arka,ARKA — Cow Dung Incense Cups,"The Original Blend · Camphor, Frankincense & Herbs",One cup a day. Thirty days of calm.,"30|incense|cups — one for every day of the month
30 g|herbal incense powder
1|incense holder","Cow dung based,Lab tested,No synthetic fragrance,No charcoal,Zero-waste ash","30 incense cups — one for every day of the month

30 g herbal incense powder — for a slow, lingering burn whenever you want it

1 incense holder — everything you need to begin
","A rich, honest aroma — frankincense, Bhimseni camphor & hand-picked herbs

Lights in seconds and burns on its own — clove in the base, no charcoal

No synthetic fragrance — plant-derived aromas only

Cow dung based & lab tested — transparent ingredients you can trust

Safe around children & pets — natural burning agents and food-grade binders

Zero waste — reuse the ash as viboothi, fertiliser or a utensil scrub

Locally sourced. Community crafted.

A complete 30-day ritual in one box
","Light all sides — hold a steady flame around the whole rim for about 20 seconds and let the herbs awaken.

Keep the flame — let it burn 20 seconds more so the base fully catches. Don't rush it.

Look for the amber glow — blow out gently. When the tip glows warm orange-amber all over, you did it right — pure burn, pure aroma, nothing left but ash.

Tip: if a cup stops burning, it isn't a defect — the lighting simply wasn't complete. Relight all sides for the full 20 seconds.
",,,,,Stomatal Farms,,522.0,549.0,TRUE,TRUE,deny,active,TRUE
aarambh-the-starter-collection-incense-sticks-by-aurora-stomatal-farms,Aarambh  The Starter Collection |    6 Incense Sticks | 1 Pack,Title,Default Title,standard,,,,,,"Inside this box, you’ll find two sticks each of Aurora’s three signature varieties — Dasangam, Floral, and Lemongrass — each handcrafted from naturally sourced cow dung, sacred herbs, and 100% natural aromatic extracts. 

No charcoal. No DEP oils. No synthetic fragrance. Just a clean, slow, 45-minute burn that fills your space with something ancient and honest.

Light one at dawn. Light one in the evening. Light one when the mind needs quiet. Then decide which one stays.
","✔ Cow Dung Based
✔ Zero Chemicals
✔ Lab Certified
✔ 100% Natural Aromatic Extracts
✔ No Charcoal | No DEP Oils
✔ Approx. 45-minute burn per stick
✔ Handcrafted | Locally Sourced

","Light the tip for 20 seconds, gently blow out the flame, and place the stick in its holder.

Ensure a glowing ember and burn in a well-ventilated area for the cleanest aromatic experience.","Some days call for devotion. Some evenings call for softness. Some mornings call for clarity.

Aarambh brings all three to you in one compact pack — Aurora's three signature incense varieties, two sticks each, handcrafted from naturally sourced cow dung, sacred herbs, and 100% natural aromatic extracts.This is not a single-scent pack. 

This is your complete ritual kit in miniature — Dasangam for grounding, Floral for warmth, Lemongrass for a clear mind. Light a different one each day. Keep all three on your altar. 

Use them as the moment asks.No charcoal. No DEP oils. No synthetic fragrance. Just six sticks, one holder, and three ways to fill your space with something honest.
",,,,Stomatal Farms,,99.0,,TRUE,TRUE,deny,active,TRUE
