Handle,Title,Body (HTML),Vendor,Type,Tags,Published,Option1 Name,Option1 Value,Variant SKU,Variant Inventory Policy,Variant Fulfillment Service,Variant Price,Variant Compare At Price,Variant Requires Shipping,Variant Taxable,Status,SEO Title,SEO Description,Metafield: custom.combo_includes [multi_line_text_field],Metafield: custom.key_highlights [multi_line_text_field],Metafield: custom.how_to_use [multi_line_text_field],Metafield: custom.product_details [multi_line_text_field],Metafield: custom.custom_shipping_label [single_line_text_field]
aurora-vinayagar-chadhurthi-festive-combo,Aurora Vinayagar Chadhurthi Festive Combo,"<p>Celebrate Vinayagar Chadhurthi with the soothing fragrance and traditional essence of the Aurora Festive Combo. This thoughtfully curated set brings together three distinct incense fragrances&mdash;Dasangam, Floral and Lemongrass&mdash;along with Aarambh, creating a warm, refreshing and devotional ambience for your festive rituals and everyday use.</p><p><em>A perfect festive fragrance combo for your Vinayagar Chadhurthi celebrations.</em></p>",Stomatal Farms,Combo Pack,"Combo, Festive, Incense Sticks, Aurora, Vinayagar Chadhurthi",FALSE,Title,Default Title,AUR-COMBO-VC-01,deny,manual,556.00,654.00,TRUE,TRUE,draft,Aurora Vinayagar Chadhurthi Festive Combo | Stomatal Farms,Celebrate Vinayagar Chadhurthi with the soothing fragrance and traditional essence of the Aurora Festive Combo. This thoughtfully curated set brings togeth,"Dasangam Incense Sticks: A traditional aromatic blend that adds a rich and serene fragrance to your prayer space.
Floral Incense Sticks: A gentle floral fragrance that creates a pleasant, calming and welcoming atmosphere.
Lemongrass Incense Sticks: A fresh, uplifting lemongrass aroma that refreshes the surroundings.
Aarambh: A thoughtfully crafted aromatic addition to begin your festive moments with a positive ambience.","4 incense stick packs in one festive box
Total value ₹654 — you save ₹98 (15% off)
Festive Offer — Vinayagar Chadhurthi special selling price",,"Dasangam Stick: ₹195
Floral Stick: ₹180
Lemongrass Stick: ₹180
Aarambh: ₹99
Total MRP: ₹654
Festive Selling Price (15% OFF): ₹556",
premium-handcrafted-coconut-shell-incense-holder,Premium Handcrafted Coconut Shell Incense Holder,"<p>Embrace the calming aura of ancient ritual traditions combined with eco-conscious modern design. Carved directly from pristine, sustainably sourced natural coconut shells, this artisan dhoop and cup burner is highly durable, heat-resistant, and aesthetically striking. The masterfully drilled aeration vents release hypnotic streams of aromatic smoke, transforming your sacred rituals, daily meditation, or space into a serene sanctuary.</p>",Stomatal Farms,Incense Holder,"Holder, Accessory, Handcrafted, Eco-friendly, Aurora",FALSE,Title,Default Title,AUR-HOLDER-CS-01,deny,manual,360.00,,TRUE,TRUE,draft,Premium Handcrafted Coconut Shell Incense Holder | Stomatal Farms,"Embrace the calming aura of ancient ritual traditions combined with eco-conscious modern design. Carved directly from pristine, sustainably sourced natural",1 x Artisanal Coconut Shell Incense Holder,"100% Organic & Biodegradable: Responsibly handcrafted by local artisans using upcycled real coconut shells, cutting down on industrial chemical pollutants.
Optimized Aeration Vents: Specially engineered uniform openings maximize natural ventilation, keeping incense cups burning smoothly while creating clean, swirling smoke pathways.
Versatile Dhoop Capacity: Perfectly matches standard ritual items including Dasangam cups, floral Sambrani blends, herbal dhoop cones, and traditional loose resins.
Safe Thermal Barrier: Naturally engineered to resist elevated temperatures, ensuring surfaces underneath stay perfectly protected from heat damage during ritual usage.","Place the incense cup flat and perfectly centered inside the internal chamber base.
Light the tip evenly, allow it to catch a steady flame, gently blow it out to glow, then close the protective dome cover.
Always set the holder on a completely flat, level, and stable heat-resistant surface away from high drafts.
Gently wipe out cool residual ash using a dry, soft fiber cloth after every aromatherapy session.","Product Classification: Premium Aromatherapy Accessory / Eco-friendly Dhoop Dani
Primary Material: 100% Genuine, Seasoned Natural Coconut Shell
Design Elements: Perforated ventilation holes, polished heat-resistant interior, stable organic structural base
Maximum Retail Price (MRP): ₹360.00 (Inclusive of all taxes)
Packaging Includes: 1 x Artisanal Coconut Shell Incense Holder",
sacred-rituals-relaxation-gift-combo,Sacred Rituals & Relaxation Gift Combo,"<p>Immerse your senses in a divine and purifying ritual with this curated wellness combo. Designed to cleanse both your physical space and inner aura, this collection pairs four distinctly curated packs of traditional, low-smoke incense sticks with a deeply therapeutic jar of aromatic bath salts. Whether creating an atmosphere for mindful meditation, welcoming standard everyday prayers, or indulging in an uplifting, spa-like bathing routine, this bundle offers everything needed to invite calm, peace, and spiritual clarity into your home.</p><p><em>Thank you for choosing Aurora Organic Care Essentials. Bring home peace, purity, and relaxation.</em></p>",Stomatal Farms,Combo Pack,"Combo, Gift, Incense Sticks, Bath Salts, Aurora",FALSE,Title,Default Title,AUR-COMBO-SRR-01,deny,manual,917.15,1079.00,TRUE,TRUE,draft,Sacred Rituals & Relaxation Gift Combo | Stomatal Farms,"Immerse your senses in a divine and purifying ritual with this curated wellness combo. Designed to cleanse both your physical space and inner aura, this co","Dasangam Incense Sticks: Rich, therapeutic, and deeply grounded in traditional South Indian temple rituals. Formulated with authentic herbal resins and natural botanicals to drive away negative energies.
Floral Incense Sticks: A sweet, gentle, and blooming fragrance captured from sacred botanical petals. Perfect for uplifting the spirit and leaving a soothing, long-lasting sweetness in the air.
Lemongrass Incense Sticks: Crisp, zesty, and highly refreshing. Its bright, clean notes act as an immediate mood booster, keeping insects at bay while neutralizing indoor odors naturally.
Aarambh Incense Sticks: The ultimate starter selection featuring a balanced, alternating medley of our three signature flavor profiles. Ideal for sampling different moods and sensory experiences.
Sandalwood & Rose Bath Salts: A premium, mineral-rich bath blend infused with soothing real botanical extracts. Pure sandalwood oils ground the mind while soft rose extracts nourish, soften, and lightly scent the skin for total relaxation.","5 items — incense sticks + bath salts
Low-smoke incense · Sandalwood & Rose salts · Natural botanicals · Gift-ready
Total value ₹1,079 — you save ₹162 (15% off)",,"Dasangam Incense Sticks: ₹195.00
Floral Incense Sticks: ₹180.00
Lemongrass Incense Sticks: ₹180.00
Aarambh Incense Sticks (3-in-1 Blend Pack): ₹99.00
Sandalwood & Rose Bath Salts: ₹425.00
Total Individual MRP: ₹1079.00
Special Promotion Discount: 15% OFF
Final Offer Selling Price (S.P.): ₹917.15",
sacred-aroma-incense-combo,Sacred Aroma Incense Combo,"<p>An exquisite collection crafted to elevate your daily spiritual rituals, meditation sessions, or personal wellness spaces. This combo brings together traditional aromatic craftsmanship and beautiful organic aesthetics.</p>",Stomatal Farms,Combo Pack,"Combo, Incense Cups, Holder, Gift, Aurora",FALSE,Title,Default Title,AUR-COMBO-SAI-01,deny,manual,1007.25,1185.00,TRUE,TRUE,draft,Sacred Aroma Incense Combo | Stomatal Farms,"An exquisite collection crafted to elevate your daily spiritual rituals, meditation sessions, or personal wellness spaces. This combo brings together tradi","Dasangam Incense Cups: Infused with ancient, sacred herbs, resins, and pure botanicals to invoke peace and positivity in your surroundings.
Floral Incense Cups: Blended with natural floral extracts to create a refreshing, serene atmosphere reminiscent of pristine temple gardens.
Lemongrass Incense Cups: A crisp, uplifting citrus scent designed to cleanse your environment, clear the mind, and boost focus.
Artisan Incense Holder: A beautifully crafted, natural coconut-shell inspired holder featuring elegant geometric cutouts that scatter soothing ambient smoke patterns safely.","100% Natural & Organic Materials: Handcrafted with sustainably sourced ingredients, keeping your spaces pure and free from synthetic charcoal or harmful chemicals.
Captivating Smoke Patterns: The specially designed artisan holder releases mesmerizing silhouettes of therapeutic smoke to induce deeper states of calm.
Perfect for Every Occasion: Ideal for morning prayers, standard meditation routines, yoga practices, or simply purifying your living environment.
Premium Gift Ready Packaging: Safely nestled within rustic, premium gold-accented boxes, making it an excellent thoughtful gift option for loved ones.",,"Dasangam Incense Cups: ₹285.00
Floral Incense Cups: ₹270.00
Lemongrass Incense Cups: ₹270.00
Artisan Incense Holder: ₹360.00
Total MRP: ₹1,185.00
Special Combo Price (15% OFF): ₹1,007.25",
aurora-sacred-harmony-ritual-combo,Aurora Sacred Harmony Ritual Combo,"<p>Immerse your sacred spaces in divine tranquility with the Aurora Sacred Harmony Ritual Combo. Meticulously curated to invoke a profound sensory journey, this luxury assortment bridges ancient spiritual traditions with natural wellness. Set against a serene backdrop of ancient iconography, each component is handmade using pure, natural ingredients, offering an eco-friendly, chemical-free aromatherapy lifestyle. From deep meditative states to refreshing morning energy, this kit transforms any room into a holistic sanctuary of absolute peace.</p><p><em>Thank you for choosing Aurora. Elevate your essence naturally.</em></p>",Stomatal Farms,Combo Pack,"Combo, Incense Cups, Incense Sticks, Cow Dung, Aurora",FALSE,Title,Default Title,AUR-COMBO-SHR-01,deny,manual,1022.55,1203.00,TRUE,TRUE,draft,Aurora Sacred Harmony Ritual Combo | Stomatal Farms,"Immerse your sacred spaces in divine tranquility with the Aurora Sacred Harmony Ritual Combo. Meticulously curated to invoke a profound sensory journey, th","ARKA Cow Dung Incense Cups (The Original Blend): A profound premium formulation blending pure, auspicious cow dung base with hand-picked resins, frankincense, and sacred medicinal herbs. Designed to purify environmental energy, repel negative vibrations, and clear the air clean while leaving a deep, grounding woodland trail.
Aarambh Incense Sticks: The ultimate signature transition bundle. Compiling a harmonized cross-selection of our primary flavor profiles, Aarambh serves as the perfect sensory introduction to kickstart new beginnings, prayers, or spiritual routines.
Dasangam Incense Sticks: Infused with the timeless, highly therapeutic traditional heritage powder of Southern India. Emits a regal, sweet, balsamic aroma known for centuries to soothe nervous tension, facilitate deep meditation, and create a majestic temple-like ambience.
Lemongrass Incense Sticks: Crisp, zesty, and highly invigorating. Infused with pure organic lemongrass extracts to naturally cleanse the surroundings, sharpen mental acuity, repel insects, and fill your mornings with refreshing, bright energy.
Floral Incense Sticks: A soft, romantic, and beautifully calming bouquet layer. Captures the delicate, soothing sweetness of sun-kissed blossoms to ease mental fatigue, promote emotional balance, and wrap your evenings in soft comfort.","100% Charcoal-Free & Non-Toxic: Zero synthetic chemicals, zero phthalates, and zero artificial smoke enhancers, keeping your home air pure and entirely breath-safe.
Premium Cow Dung Base: Maintains structural sanctity using ancient Vedic methods that maximize slow-burning diffusion and provide long-lasting rich secondary notes.
Artisanal Crafts & Sustainability: Hand-rolled and ethically prepared by traditional communities, ensuring eco-conscious luxury that honors the environment.
Complete Aromatherapy Spectrum: Ranges dynamically from sweet balsamic base tones to floral softness and energetic citrus, matching every mood, ritual, or time of day.",,"Aarambh Incense Sticks: ₹99.00
Dasangam Incense Sticks: ₹195.00
Lemongrass Incense Sticks: ₹180.00
Floral Incense Sticks: ₹180.00
ARKA Cow Dung Incense Cups (Original Blend): ₹549.00
Cumulative Combo Total MRP: ₹1203.00
Special Commercial Selling Price (S.P.) — 15% OFF: ₹1022.55",
aurora-sacred-rituals-collection,Aurora Sacred Rituals Collection,"<p>Transform your daily rituals and festive celebrations into a deeply spiritual and sensory journey with the Aurora Ultimate Festive Ritual Combo. Beautifully curated against a pristine temple deity ambiance, this grand arrangement brings together ancient Vedic traditions, therapeutic essential oil smoke infusions, and luxurious natural bathing therapies. Rooted in charcoal-free, 100% natural, and cow dung-based formulations, this all-inclusive sanctuary collection balances home purifications and self-care wellness rituals perfectly.</p>",Stomatal Farms,Combo Pack,"Combo, Ghee Lamp, Incense Cups, Incense Sticks, Bath Salts, Festive, Aurora",FALSE,Title,Default Title,AUR-COMBO-SRC-01,deny,manual,1928.65,2269.00,TRUE,TRUE,draft,Aurora Sacred Rituals Collection | Stomatal Farms,Transform your daily rituals and festive celebrations into a deeply spiritual and sensory journey with the Aurora Ultimate Festive Ritual Combo. Beautifull,"Panchagavya Ghee Diya (12 Pcs Pack): Handcrafted using traditional organic cow dung bases filled with pure cow ghee and cotton wicks. Ignites a highly sacred, continuous flame that neutralizes atmospheric negative energies while generating absolute spiritual purity.
Sandalwood & Rose Therapeutic Bath Salts: A premium, crystalline detox blend infused with natural Mysore Sandalwood extracts and soothing damask rose essential oils. Dissolves seamlessly into warm water to melt stress, soften dry skin, and elevate post-ritual personal wellness.
Aarambh Multi-Flavor Incense Sticks: The perfect introductory sample assortment packing signature blends together. Ideal for rotating aromatic ambiances to match shifting dynamic meditation focuses throughout the day.
Dasangam Incense Cups & Sticks: An ancestral, deeply mysterious blend of 10 classic botanicals including natural resins, honey, and sacred wood barks. Releases a thick, majestic aroma engineered to mirror ancient temple high-energy fields.
Lemongrass Incense Cups & Sticks: Zesty, vibrant citrus therapeutic vapors that clean surrounding air structures immediately. Acts as an excellent natural mosquito repellant, sharpens crisp psychological alertness, and clears mental fatigue.
Floral Incense Cups & Sticks: A velvety sweet bouquet formulated from naturally handpicked holy temple flower recycling layers. Best suited for deep evening relaxing meditation, yoga spaces, or establishing an comforting personal haven.","100% Charcoal-Free & Non-Toxic: Zero synthetic coal chemical additions ensure clean, therapeutic smoke emissions that do not irritate lungs or cause coughing.
Eco-Friendly Upcycled Base Formulations: Utilizes responsibly gathered organic desi cow dung cakes and sacred temple flowers to maintain deep conscious manufacturing values.
Perfect Luxury Spiritual Gift Option: Neatly enclosed within minimal aesthetic, recyclable cardboard boxes—an unforgettable gift set choice for housewarmings, Diwali, and spiritual milestone celebrations.",,"Panchagavya Ghee Diya Pack: ₹365.00
Aarambh Incense Sticks Pack: ₹99.00
Dasangam Incense Sticks Pack: ₹195.00
Lemongrass Incense Sticks Pack: ₹180.00
Floral Incense Sticks Pack: ₹180.00
Dasangam Incense Cups Box: ₹285.00
Lemongrass Incense Cups Box: ₹270.00
Floral Incense Cups Box: ₹270.00
Sandalwood & Rose Bath Salts Jar: ₹425.00
Cumulative Standalone MRP: ₹2,269.00
Special Combo Discount (15% OFF): −₹340.35
Final Special Offer Selling Price: ₹1,928.65
Inclusive of all domestic applicable taxes | Free Standard Courier Shipping Included",Free Standard Courier Shipping Included
