Handle,Title,Option1 Name,Option1 Value,Metafield: custom.pricing_rows [multi_line_text_field],Metafield: custom.pricing_note [single_line_text_field]
aurora-vinayagar-chadhurthi-festive-combo,Aurora Vinayagar Chadhurthi Festive Combo,Title,Default Title,"Dasangam Stick|195
Floral Stick|180
Lemongrass Stick|180
Aarambh|99
Total MRP|654|total
Festive Selling Price (15% OFF)|556|offer",Festive Offer — Vinayagar Chadhurthi · Special Selling Price: 15% OFF the total MRP
premium-handcrafted-coconut-shell-incense-holder,Premium Handcrafted Coconut Shell Incense Holder,Title,Default Title,Premium Handcrafted Coconut Shell Incense Holder|360.00|offer,
sacred-rituals-relaxation-gift-combo,Sacred Rituals & Relaxation Gift Combo,Title,Default Title,"Dasangam Incense Sticks|195.00
Floral Incense Sticks|180.00
Lemongrass Incense Sticks|180.00
Aarambh Incense Sticks (3-in-1 Blend Pack)|99.00
Sandalwood & Rose Bath Salts|425.00
Total Individual MRP|1079.00|total
Special Promotion Discount|15% OFF|total
Final Offer Selling Price (S.P.)|917.15|offer",Thank you for choosing Aurora Organic Care Essentials.
sacred-aroma-incense-combo,Sacred Aroma Incense Combo,Title,Default Title,"Dasangam Incense Cups|285.00
Floral Incense Cups|270.00
Lemongrass Incense Cups|270.00
Artisan Incense Holder|360.00
Total MRP|1,185.00|total
Special Combo Price (15% OFF)|1,007.25|offer",
aurora-sacred-harmony-ritual-combo,Aurora Sacred Harmony Ritual Combo,Title,Default Title,"Aarambh Incense Sticks|99.00
Dasangam Incense Sticks|195.00
Lemongrass Incense Sticks|180.00
Floral Incense Sticks|180.00
ARKA Cow Dung Incense Cups (Original Blend)|549.00
Cumulative Combo Total MRP|1203.00|total
Special Commercial Selling Price (S.P.) — 15% OFF|1022.55|offer",Thank you for choosing Aurora. Elevate your essence naturally.
aurora-sacred-rituals-collection,Aurora Sacred Rituals Collection,Title,Default Title,"Panchagavya Ghee Diya Pack|365.00
Aarambh Incense Sticks Pack|99.00
Dasangam Incense Sticks Pack|195.00
Lemongrass Incense Sticks Pack|180.00
Floral Incense Sticks Pack|180.00
Dasangam Incense Cups Box|285.00
Lemongrass Incense Cups Box|270.00
Floral Incense Cups Box|270.00
Sandalwood & Rose Bath Salts Jar|425.00
Cumulative Standalone MRP|2,269.00|total
Special Combo Discount (15% OFF)|− 340.35|total
Final Special Offer Selling Price|1,928.65|offer",Inclusive of all domestic applicable taxes | Free Standard Courier Shipping Included
